"Type specimens at Botanical Survey of India, Central Regional Centre, Allahabad (BSA)",,,,,,,,,
Name of the Taxon,Family,Place of collection,"Date of 
Collection","Name of the
collector","F.No. / 
Coll. No.",Type Details,"Herbarium
Acronym",,
"Trichodesma mudgalii An. Kumar &
K.K. Khanna",Boraginaceae,"Madhya Pradesh, Betul
district, Atner.",16.04.1997,Anand Kumar,50039,Isotype,BSA,,
"Trichodesma indicum (L.) R.Br. ex
Lehm. var. betulense K.K. Khanna
& An. Kumar",Boraginaceae,"Madhya Pradesh, Betul
district, Ranipur.",21.04.1997,Anand Kumar,50178B,Isotype,BSA,,
"Eclipta prostrata (L.) L. var. dixitii
An. Kumar & K.K. Khanna",Asteraceae,"Madhya Pradesh, Betul
district, Atner.",16.04.1997,Anand Kumar,50015B,Isotype,BSA,,
"Eriocaulon raipurensis K.K.Khanna,
Mudgal & An. Kumar",Eriocaulaceae,"Madhya Pradesh,
Ambikapur.",22.11.1972,G. Sen Gupta,15693A,Paratype,BSA,,
"Cyathea balkrishnanii Dixit &
Tripathi [Alsophila balkrishnanii (R.D.
Dixit & A.K. Tripathi) R.D. Dixit]",Cyatheaceae,"Madhya Pradesh,
Pachmarhi, Dhupgarh.",17.10.1984,R.D. Dixit,,Isotype,BSA,,
Selaginella jainii R.D. Dixit,Selaginellaceae,"Madhya Pradesh,
Bilaspur",22.02.1972,G. Panigrahi,,Isotype,BSA,,
Selaginella panigrahi R.D. Dixit,Selaginellaceae,"Madhya Pradesh,
Bastar, Kutumasar 
(Kanger valley)",19.02.1963,"G. Panigrahi
& Arora",,Isotype,BSA,,
"Microgonium nicobaricum Dixit
& Singh","Hymenophyll--
aceae","Great Nicobar Island,
Shampen hut",16.03.1994,J.P. Ghosh,,Holotype,BSA,,
"Cryptothecia alboglauca Jagadeesh 
Ram, G.P.Sinha & Kr.P.Singh",Arthoniaceae,"West Bengal,
Sundarbans B.R., Matla
Island",28.02.2004,"T.A.M.
Jagadeesh
Ram",1045,Holotype,BSA,,
"Cryptothecia alboglauca Jagadeesh 
Ram, G.P.Sinha & Kr.P.Singh",Arthoniaceae,"West Bengal,
Sundarbans B.R.,
Goshaba Mangrove
forst",29.02.2004,"T.A.M.
Jagadeesh
Ram",1081,Paratype,BSA,,
"Cryptothecia benghalensis
Jgadeesh Ram, G.P.Sinha &
Kr.P.Singh",Arthoniaceae,"West Bengal,
Sundarbans, B.R.,
Netidopani",24.02.2003,"T.A.M.
Jagadeesh
Ram",13458,Holotype,BSA,,
"Cryptothecia farinosa Jgadeesh 
Ram, G.P.Sinha & Kr.P.Singh",Arthoniaceae,"Sikkim, Rumtek, alt.
1223 m,",25.11.2006,G.P.Sinha,3756,Holotype,BSA,,
"Cryptothecia farinosa Jgadeesh 
Ram, G.P.Sinha & Kr.P.Singh",Arthoniaceae,"Sikkim, Gangtok-
Dikchu- Singtam Road,
Tumin, alt. 1489 m",21.11.2006,G.P. Sinha,3636,Paratype,BSA,,
"Cryptothecia multipunctata Jgadeesh 
Ram, G.P.Sinha & Kr.P.Singh",Arthoniaceae,"West Bengal,
Sundarbans, B.R.,
Chulkati Island",16.03.2002,"T.A.M.
Jagadeesh
Ram",12105,Holotype,BSA,,
"Cryptothecia verruculifera Jgadeesh 
Ram, G.P.Sinha & Kr.P.Singh",Arthoniaceae,"West Bengal,
Darjeeling district,
Kanchan View Ta
Estate, alt. 2250 m, on
shade tree",16.05.2005,"Vivek
Narayan
Singh",2255,Holotype,BSA,,
"Herpathallon flavominutum Jagdeesh 
Ram & G.P.Sinha",Arthoniaceae,"Sikkim, Gangtok,
B.S.I. Campus",24.11.2006,G.P. Sinha,3743,Holotype,BSA,,
"Herpathallon flavominutum Jagdeesh 
Ram & G.P.Sinha",Arthoniaceae,"Meghalaya, Shillong,
B.S.I. Campus",14.02.2008,"T.A.M.
Jagadeesh
Ram",4154,Paratype,BSA,,
"Herpathallon granulosum Jagdeesh 
Ram & G.P.Sinha",Arthoniaceae,"Meghalaya, Shillong,
B.S.I. Campus",14.02.2008,"T.A.M.
Jagadeesh
Ram",4155,Holotype,BSA,,
"Herpathallon granulosum Jagdeesh 
Ram & G.P.Sinha",Arthoniaceae,"Meghalaya, Shillong,
B.S.I. Campus",14.02.2008,"T.A.M.
Jagadeesh
Ram",4156,Paratype,BSA,,
"Herpathallon granulosum Jagdeesh 
Ram & G.P.Sinha",Arthoniaceae,"West Bengal,
Darjeeling, Neora
valley N.P. (rain 
forest), Neora river
bank, alt. 2166 m,",16.05.2008,"T.A.M.
Jagadeesh
Ram",4305,Paratype,BSA,,
"Herpathallon himalayanum Jagdeesh 
Ram & G.P.Sinha",Arthoniaceae,"West Bengal,
Darjeeling, Neora
valley N.P., Neora
riverine rain forest, alt
2163 m.",16.05.2008,"T.A.M.
Jagadeesh
Ram",4310,Holotype,BSA,,
"Herpothallon isidiatum Jagdeesh 
Ram & G.P.Sinha",Arthoniaceae,"West Bengal,
Darjeeling district,
Kalimpong, Divisional 
Forest Manager oﬃce
campus, alt. 1206 m,
on Pinus",06.03.2007,"T.A.M.
Jagadeesh
Ram",3881,Holotype,BSA,,
"Herpothallon isidiatum Jagdeesh 
Ram & G.P.Sinha",Arthoniaceae,"Assam, Lakhimpur,
Koilamari, Koilamari
Tea Estate, alt. c. 150
m, on shade tree",15.05.2006,"G.P. Sinha &
V. N. Singh",3302,Paratype,BSA,,
"Herpathallon sticticum Jagdeesh
Ram & G.P.Sinha",Arthoniaceae,"Arunachal Pradesh, West
Kameng district,
Jameri road, alt. 1200
m, on Bombax trunk,",11.10.2001,"G.P.Sinha &
T.A.M.
Jagadeesh
Ram",11331,Holotype,"BSA
(ASSAM)",,
"Aspidothelium scutellicarpium var.
indica Kr.P.Singh & Pinokiyo","Aspidotheliacea
e","Arunachal Pradesh,
Debang valley",30.01.1987,K.P.Singh,12972E,Isotype,BSA,,
"Sporopodium awasthianum Kr.P.Singh
& Pinokiyo",Ectolechiaceae,"Arunachal Pradesh, Lohit
district, Tengapani",30.12.1983,K.P.Singh,13150,Isotype,"BSA
(ASSAM)",,
"Aderkomyces sikimensis Pinokiyo, Kr.
P. Singh & Lücking",Gomphillaceae,"Eastern Himalayala,
West Bengal,
Darjeeling, Tin mile.",19.12.2004,K.P.Singh,F-167,Paratype,BSA,,
"Aderkomyces sikimensis Pinokiyo, Kr.
P. Singh & Lücking",Gomphillaceae,"Eastern Himalayala,
South Sikkim, Temi.",04.03.2005,"Athokpam
Pinokiyo",F-398,Paratype,BSA,,
"Graphis sundarbanensis Jgadeesh 
Ram & G.P.Sinha",Graphidaceae,"West Bengal, SBR,
Buridubri mangrove
forest",21.02.2004,"T.A.M.
Jagadeesh
Ram",828,Isotype,BSA,,
"Graphis sundarbanensis Jgadeesh 
Ram & G.P.Sinha",Graphidaceae,"West Bengal, SBR,
Chamta mangrove
forest",01.03.2004,"T.A.M.
Jagadeesh
Ram",1119,Paratype,BSA,,
"Graphis neoraensis Jagadeesh Ram
& G.P.Sinha",Graphidacdeae,"West Bengal,
Neora valley
National Park",17.05.2008,"T.A.M.
Jagadeesh
Ram",4337,Holotype,BSA,,
"Graphis neoraensis Jagadeesh Ram
& G.P.Sinha",Graphidacdeae,"West Bengal,
Neora valley
National Park",16.05.2008,"T.A.M.
Jagadeesh
Ram",4286,Paratype,BSA,,
"Hemithecium himalayanum Jagdeesh
Ram & G.P.Sinha",Graphidaceae,"West Bengal,
Neora valley
National Park,
Mulkharka-
Jorepokhari foot
track, Primary rain
forest, 2340 m.",18.05.2008,"T.A.M.
Jagadeesh
Ram",4376,Holotype,BSA,,
"Hemithecium himalayanum Jagdeesh
Ram & G.P.Sinha",Graphidaceae,"West Bengal, Neora
valley National Park,
PHE Source-Doley
foot track,
riverine primary
rain forest, alt.
2150 m.",10.03.2007,"T.A.M.
Jagadeesh
Ram",4008,Paratype,BSA,,
"Schistophoron indicum Kr.P.Singh &
Swarnalatha",Graphidaceae,"Arunachal Pradesh,
East Siang District,
Gette Basti",08.01.1983,K.P.Singh,2858,Holotype,BSA,,
"Astrosphaeriella sundarbanensis
Jagadeesh Ram & Aptroot","Melanomatacea
e","West Bengal, SBR, Matla
mangrove forest",28.02.2004,"T.A.M.
Jagadeesh
Ram",1036,Holotype,BSA,,
"Astrosphaeriella sundarbanensis
Jagadeesh Ram & Aptroot","Melanomatacea
e","West Bengal, SBR, Maya
dwip mangrove forest",27.02.2004,"T.A.M.
Jagadeesh
Ram",964,Paratype,BSA,,
"Mazosia lueckingii Kr.P.Singh &
Pinokiyo",Opegraphaceae,"Darjeeling, Ranju
Valley, on dicotyledon
leaves, alt. 1200 m",19.12.2006,K.P.Singh,220 A,Paratype F,BSA,,
"Pyrenula darjeelingensis
Jagadeesh & G.P.Sinha",Pyrenulaceae,"West Bengal,
Darjeeling District,
Happy valley Tea
Estate",16.05.2005,"Vivek
Narayan
Singh",2248,Holotype,BSA,,
"Pyrenula subcylindrica Jagadeesh
Ram & Upreti",Pyrenulaceae,"West
Bengal,
Sundarban
s,
B.R., Lothian Island",07.03.2003,"T.A.M.
Jagadeesh
Ram",13805,Isotype,BSA,,
"Enterographa bengalensis
Jagdeesh Ram & G.P.Sinha",Roccellaceae,"West Bengal,
SBR, Goshaba
mangrove
forest",29.02.2004,"T.A.M.
Jagadeesh
Ram",1083,Holotype,BSA,,
"Graphidastra himalayanum Jagdeesh 
Ram & G.P.Sinha",Roccellaceae,"West Bengal,
Darjeeling, Neora
valley",17.05.2008,"T.A.M.
Jagadeesh
Ram",4360,Holotype,BSA,,
"Graphidastra himalayanum Jagdeesh 
Ram & G.P.Sinha",Roccellaceae,"West Bengal,
Darjeeling, Neora
valley",15.05.2010,"T.A.M.
Jagadeesh
Ram",6119,Paratype,BSA,,
"Graphidastra himalayanum Jagdeesh 
Ram & G.P.Sinha",Roccellaceae,"West Bengal,
Darjeeling, Neora
valley",15.05.2010,"T.A.M.
Jagadeesh
Ram",6120,Paratype,BSA,,
"Graphidastra himalayanum Jagdeesh 
Ram & G.P.Sinha",Roccellaceae,"West Bengal,
Darjeeling, Neora
valley",15.05.2010,"T.A.M.
Jagadeesh
Ram",6121,Paratype,BSA,,
"Graphidastra himalayanum Jagdeesh 
Ram & G.P.Sinha",Roccellaceae,"West Bengal,
Darjeeling, Neora
valley",15.05.2010,"T.A.M.
Jagadeesh
Ram",6125,Paratype,BSA,,
"Graphidastra himalayanum Jagdeesh 
Ram & G.P.Sinha",Roccellaceae,"West Bengal,
Darjeeling, Neora
valley",15.05.2010,"T.A.M.
Jagadeesh
Ram",6143,Paratype,BSA,,
"Graphidastra himalayanum Jagdeesh 
Ram & G.P.Sinha",Roccellaceae,"West Bengal,
Darjeeling, Neora
valley, Zero point
way",15.05.2008,"T.A.M.
Jagadeesh
Ram",4274,Paratype,BSA,,
"Thelenella indica Pinokiyo & Kr. P.
Singh",Thelnellaceae,"Sikkim Himalaya, East
Sikkim, Assam Linzey Rd.",02.03.2005,"Athokpam
Pinokiyo",F 315,Isootype,BSA,,
"Friesodielsia khoshooi Vasudeva
Rao & Chakrab.",Annonaceae,"Great Nicobar, Laful",12.5.1980,D.K. Hore,11,Paratype,PBL,,
"Friesodielsia khoshooi Vasudeva
Rao & Chakrab.",Annonaceae,"Great Nicobar,
Campbell
Bay, Lakshman Beach",12.8.1975,N.P. Balakrishnan,7562,Paratype,PBL,,
"Miliusa mukerjeeana Debika
Mitra & Chakr.",Annonaceae,"Car Nicobar, Malacca",1.3.1974,N.G. Nair,2928,Paratype,PBL,,
"Miliusa mukerjeeana Debika
Mitra & Chakr.",Annonaceae,"Katchal Island,
towards Kaponga",22.4.1974,P. Chakraborty,1142,Paratype,PBL,,
"Tinomiscium nicobaricum
N.P.Balakr.","Menispermacea
e","Great Nicobar, near
Galathea river",16.6.1977,N.P. Balakrishnan,5787B-C,Isotype,PBL,,
"Casearia insularis Vasudeva Rao
& Chakrab.",Flacourtiaceae,"North Andaman, Saddle
Peak",31.3.1977,N.P. Balakrishnan,5389,Isotype,PBL,,
"Casearia insularis Vasudeva
Rao & Chakrab.",Flacourtiaceae,"North Andaman, Saddle
Peak",31.3.1977,N.P. Balakrishnan,5375,Paratype,PBL,,
"Casearia insularis Vasudeva
Rao & Chakrab.",Flacourtiaceae,"North Andaman, Saddle
Peak, Lamia Bay Shore,
Smith Island",31.3.1977,N.P. Balakrishnan,5425,Paratype,PBL,,
"Hydnocarpus sharmae P.S.N. Rao
& Sreek.",Flacourtiaceae,"North Andaman, Smith
Island",13.7.1980,P.S.N. Rao,20661,Isotype,PBL,,
"Garcinia dhanikhariensis
S.K.Srivast.",Clusiaceae,"South Andaman,
Dhanikari Garden",18.1.1992,S.K. Srivastava,21068A-C,Isotype,PBL,,
"Grewia indandamanica
L.N.Ray",Tiliaceae,"North Andaman, Saddle
Peak","18.10.198
7",J.L. Ellis,12775BCDE,Isotype,PBL,,
"Hiptage thothathrii N.P. Balakr.
& R.C.Srivast.",Malpighiaceae,"North Andaman, Saddle
Peak",31.3.1977,N.P. Balakrishnan,5377B,Isotype,PBL,,
"Chisocheton nicobarianus
Debnath & Sreek.",Meliaceae,"Great Nicobar, Laful",18.5.1981,R.P. Diwivedi,8541,Isotype,PBL,,
"Chisocheton nicobarianus
Debnath & Sreek.",Meliaceae,"Great Nicobar, Laful",8.6.1981,D.K. Hore,8758,Paratype,PBL,,
"Chisocheton nicobarianus
Debnath & Sreek.",Meliaceae,"Great Nicobar, East -
West Road",6.5.1981,R.P. Diwivedi,8522,Paratype,PBL,,
"Nicobariodendron sleumeri
Vasudeva Rao & Chakrab.",Celastraceae,"Great Nicobar, East -
West Road","22.10.197
9",D.K. Hore,"7236 B,C, D",Isotype,PBL,,
"Nicobariodendron sleumeri
Vasudeva Rao & Chakrab.",Celastraceae,"Katchal Island, way to
Oil
Palm","20.10.197
9",P. Chakraborty,2226,Paratype,PBL,,
Mangifera nicobarica Kosterm.,Anacardiaceae,"Great Nicobar,
near Galathea
Bridge",6.12.1978,N.G. Nair,7184,Isotype,PBL,,
"Semecarpus kurzii Engl. var.
elongata",Anacardiaceae,"Car Nicobar, Malacca",11.6.1973,N.P. Balakrishnan,438,Syntype,PBL,,
"Semecarpus kurzii Engl. var.
elongata Chandra",Anacardiaceae,"Car Nicobar, Passa",2.3.1974,N.G. Nair,943,Syntype,PBL,,
Connarus paniculatus Roxb.,Connaraceae,"Great Nicobar, Koshin
Don",5.2.1980,,7822 B & C,Isotype,PBL,,
"Tadehagi triquetrum (L.) H.
Ohashi subsp. andamanicum
N.P. Balakr. & N.G. Nair","North Andaman, Saddle
Peak",2.12.1976,"N.P. Balakrishnan
&
N.G. Nair","4798
B,C,D,E",Isotype,PBL,,,
Crudia balachandrae Sanjappa,"Great Nicobar, Sour Bay",2.08.1984,M. Sanjappa,18137,Isotype,PBL,,,
"Phanera nicobarica N.P. Balakr.
& Thoth.","Great Nicobar, 15 km on
East - West Road",23.8.1975,N.P. Balakrishnan,"3043
D,E,F,G,H",Isotype,PBL,,,
"Phanera nicobarica N.P. Balakr.
& Thoth.","Great Nicobar, 19 km on
road to Pygmalion
Point",17.6.1976,N.P. Balakrishnan,"3824 C,D,E,F",Paratype,PBL,,,
"Terminalia vermae M. Gangop. &
Chakrab.","South Andaman,
Baratang
Island","30.10.197
6",P. Basu,7613,Isotype,PBL,,,
"Terminalia vermae M. Gangop.
& Chakrab.","South Andaman, Mount
Harriet",16.1.1974,N.G. Nair,801,Isotype,PBL,,,
"Memecylon balakrishnanii
Lakshmin. & S.P. Mathew","North Andaman, Saddle
Peak",1.12.1976,"N.P. Balakrishnan
&
N.G. Nair",4764,Isotype,PBL,,,
"Rotala andamanensis S.P.
Mathew & Lakshmin.","South Andaman, Wright
Myo",9.1.1974,N.P. Balakrishnan,"761 B,C,D,E",Isotype,PBL,,,
"Schefflera pushpangadanii
Chakrab.","Great Nicobar, Laful",12.5.1980,D.K. Hore,7566,Isotype,PBL,,,
"Schefflera pushpangadanii
Chakrab.","Great Nicobar, 38 km
on
East-West Road",13.5.1980,R.P. Diwivedi,7886,Isotype,PBL,,,
"Schefflera pushpangadanii
Chakrab.","Great Nicobar,
Galathea riverside",16.6.1977,N.P. Balakrishnan,5791,Paratype,PBL,,,
"Lasianthus andamanicus Hook.f.
var. ciliatus Deb & M. Gangop.","South Andaman,
Beadonloand","30.11.197
3",N.G. Nair,654,Isotype,PBL,,,
"Lasianthus andamanicus Hook.f.
var. ciliatus Deb & M. Gangop.","South Andaman, near
Dhanikhari","30.11.197
4",N.G. Nair,840,Paratype,PBL,,,
"Lasianthus andamanicus Hook.f.
var. ciliatus Deb & M. Gangop.","South Andaman, near
Hersertabad","29.11.197
5",N.G. Nair,3184,Paratype,PBL,,,
"Lasianthus andamanicus Hook.f.
var. ciliatus Deb & M. Gangop.","South Andaman,
Dhanikari",16.1.1978,P. Basu,6641,Paratype,PBL,,,
"Lasianthus andamanicus Hook.f.
var. ciliatus Deb & M. Gangop.","Little Andaman, way
towards Hut Bay (
Dugong Creek )",1.9.1976,N. Bhargava,4339,Paratype,PBL,,,
"Lasianthus andamanicus Hook.f.
var. ciliatus Deb & M. Gangop.","North Nicobar,
Katchal Island,
Mildera",1.5.1977,P. Chakraborty,5600,Paratype,PBL,,,
"Ophiorrhiza infundibularis N.P.
Balakr.","South Nicobar, Great
Nicobar 31-32 East-West
Road",14.6.1977,N.P. Balakrishnan,5745 B&C,Isotype,PBL,,,
"Ophiorrhiza nicobarica N.P.
Balakr.","Great Nicobar,
M.K.M.Campbell Bay to
Alexendar river",21.8.1975,N.P. Balakrishnan,"3027
C,D,E,F,G&H",Isotype,PBL,,,
"Coptophyllum nicobaricum (N.P.
Balakr.) Deb & Rout","Great Nicobar, 15 km
on",18.6.1977,N.P. Balakrishnan,5837 B&C,Isotype,PBL,,,
,East West Road,,,,,,,,
"Psychotria balakrishnii Deb & M.
Gangop.","North Nicobar, Saddle
Peak",2.12.1976,N.P. Balakrishnan,4785 B&C,Isotype,PBL,,,
"Psychotria balakrishnii Deb & M.
Gangop.","Middle Andaman,
Tugapur",31.7.1974,N.P. Balakrishnan,1949 B&C,Paratype,PBL,,,
"Diplospora andamanica N.P.
Balakr. & N.G. Nair","North Andaman, Saddle
Peak",1.12.1979,N.P. Balakrishnan,4762 B C,Isotype,PBL,,,
"Guettarda andamanica Goel &
Mehrotra","South Andaman,
Chiriatapu",23.9.1975,"N.P. Balakrishnan
&
P. Chakraborty",3090,Paratype,PBL,,,
"Ixora katchalensis T. Husain &
S.R. Paul","North Nicobar, Katchal
Island, towards Kaponga",22.4.1974,P. Chakraborty,1134 A&B,Holotype,PBL,,,
"Ixora katchalensis T. Husain &
S.R. Paul","North Nicobar, Lamia
Bay to Ramnagar",29.3.1977,N.P. Balakrishnan,5325 A&B,Paratype,PBL,,,
"Ixora katchalensis T. Husain &
S.R. Paul","North Nicobar,
Katchal Island,
Kapanga",22.2.1977,P. Chakraborty,5305 A&B,Paratype,PBL,,,
"Ixora katchalensis T. Husain &
S.R. Paul","North Nicobar, Katchal
Island, Kamorta",22.5.1977,N. Bhargava,5031 A&B,Paratype,PBL,,,
"Ophiorrhiza nicobarica N.P.
Balakr.","Great Nicobar, Shaded
stream sides, in
inland forest, clay
loamy soil",29.7.1976,N.P. Balakrishnan,4073,Isotype,PBL,,,
"Vernonia andamanica N.P.
Balakr. & N.G. Nair","North Andaman, Saddle
Peak",1.12.1976,"N.P. Balakrishnan
&
N.G. Nair","4768 B,C&D",Isotype,PBL,,,
Maesa sarmentacea Roxb.,"South Nicobar, 30 km on
East - West Road, 100m",7.12.1978,N.G. Nair,7196,Isotype,PBL,,,
"Planchonella clarkeana R.
Kumari & Thoth.","South Andaman, South
Creek Laurinji wayside ,
Baratang Island","26.10.197
9",P. Basu,7366,Isotype,PBL,,,
"Jasminum balakrishnanii S.K.
Srivast.","North Andaman, Saddle
Peak",1.12.1976,"N.P. Balakrishnan
&
N.G. Nair",4766,Isotype,PBL,,,
"Jasminum balakrishnanii S.K.
Srivast.","North Andaman, Saddle
Peak",27.3.1977,N.P. Balakrishnan,5160,Paratype,PBL,,,
"Chilocarpus denudatus Blume var.
nicobaricus M. Gangop. & 
Chakrab.","South Nicobar, Gt.
Nicobar Island, East-
West Road",12.2.1980,R.P. Diwivedi,7868,Isotype,PBL,,,
"Chilocarpus denudatus Blume var.
nicobaricus M. Gangop. & 
Chakrab.","South Nicobar, Gt.
Nicobar Island, East-
West
Road",26.8.1980,D.K. Hore,8219,Paratype,PBL,,,
"Micrechites parkinsonii
M.Gangop. & Chakrab.","South Nicobar, Ferrargunj",18.5.1974,"K. Thothathri &
N.G. Nair",1239,Isotype,PBL,,,
"Ceropegia andamanica Sreek.,
Veenak. & Prashanth","South Nicobar, Mt.
Harriet","14.12.199
5","P.V. Sreekumar & 
Veenakumari",15493,Isotype,PBL,,,
Genianthus horei Vasudev Rao,"South Nicobar,
near Kopenhiet, Gt.
Nicobar
Island","22.10.197
9",D.K. Hore,7243,Isotype,PBL,,,
"Secamone andamanica Goel & 
Vasudeva Rao","South Andaman, Jolly
boys Island","24.10.198
6",A.K. Goel,16604 -(B),Isotype,PBL,,,
"Aeschynanthus andamanensis
Goel, Vasudeva Rao & 
Mehrotra","North Andaman, Saddle
Peak Range, Lania
Bay Slope",28.3.1977,N.P. Balakrishnan,5417-A&B,Type,PBL,,,
Cyrtandra burttii N.P. Balakr.,"South Nicobar, 17
km from Campbell
bay to Alexandria
river,Gt.,Nicobar",21.8.1975,N.P. Balakrishnan,3025-C&D,Isotype,PBL,,,
Cyrtandra burttii N.P. Balakr.,"Great Nicobar, 17 km ,
East-West Road",29.7.1976,N.P. Balakrishnan,4047,Isotype,PBL,,,
"Cyrtandra occidentalis N.P.
Balakr. & B.L. Burtt","South Nicobar,
Campbell Bay to
Chengappa Bay",11.6.1977,N.P. Balakrishnan,5700-B&C,Isotype,PBL,,,
"Cyrtandra occidentalis N.P.
Balakr. & B.L. Burtt","Great Nicobar, on
path to shompen
village from 37
km on East - West Road",23.7.1976,N.P. Balakrishnan,3984,Paratype,PBL,,,
"Cyrtandra occidentalis N.P.
Balakr. & B.L. Burtt","South Nicobar, path to
shompen houses, ex 36.8
km on East - West Road",17.6.1977,N.P. Balakrishnan,5825,Paratype,PBL,,,
"Cyrtandra occidentalis N.P.
Balakr. & B.L. Burtt","South Nicobar, 25 km on
East - West Road, near
Galathia river",16.6.1977,N.P. Balakrishnan,5793,Paratype,PBL,,,
"Rostellularia andamanica
Vasudev Rao","North Andaman, Saddle
Peak",1.12.1976,"N.P. Balakrishnan
&
N.G. Nair","4758
B,C,D,E&F",Isotype,PBL,,,
"Hypoestes thothathrii Vasudeva
Rao & Chakrab.","South Andaman, Rutland
Is., Barakhari",21.1.1982,M.K. Vasudeva Rao,8601 B&C,Isotype,PBL,,,
"Polygonum barbatum L. var.
nicobaricus","North Nicobar, Arong,
Car Nicobar","12.10.197
3",N.P. Balakrishnan,468,Holotype,PBL,,,
"Polygonum chinense L. var.
nicobaricus","North Nicobar, Kadas
Village Katchal Island",26.4.1977,P. Chakraborty,5545,Holotype,PBL,,,
"Cryptocarya insularis Vasudeva
Rao & Chakrab.","South Andaman,
Dhanikari",06.2.1974,N.G. Nair,852,Isotype,PBL,,,
"Neolitsea balakrishnanii T.
Chakraborty & Goel","North Andaman, Saddle
Peak",31.3.1977,N.P. Balakrishnan,5379 B,Isotype,PBL,,,
"Nothaphoebe nicobarica
Chakrab. & Vasudeva Rao","South Nicobar, Gt.
Nicobar Island, 40 km
East-West Road",22.2.1980,R.P. Diwivedi,7893 B,Isotype,PBL,,,
"Nothaphoebe nicobarica
Chakrab. & Vasudeva Rao","South Nicobar, Gt.
Nicobar Is.,40 km on
East - West Road",14.2.1980,R.P. Diwivedi,7890,Paratype,PBL,,,
"Nothaphoebe panduriformis
(Hook. f) Gamble var.
nicobaricus","South Nicobar, Gt.
Nicobar, 26 km on East -
West Road","17.10.197
9",D.K. Hore,7222 B,Isotype,PBL,,,
"Neolitsea balakrishnanii Chakrab.
& Goel","North Andaman, Saddle
Peak",31.3.1977,N.P. Balakrishnan,5396,Paratype,PBL,,,
"Neolitsea balakrishnanii Chakrab.
& Goel","North Andaman, Saddle
Peak,",1.12.1976,"N.P. Balakrishnan
&
N.G. Nair",4760,Paratype,PBL,,,
"Mallotus peltatus Müll.Arg. var.
rubriflorus Chakrab.","South Andaman,
Obragraj",15.5.1976,N.G. Nair,3694-B,Isotype,PBL,,,
"Mallotus peltatus Müll.Arg. var.
rubriflorus Chakrab.","South Andaman, Sipighat",12.9.1973,N.P. Balakrishnan,336,Paratype,PBL,,,
"Mallotus peltatus Müll.Arg. var.
rubriflorus Chakrab.","South Andaman,
Chiriatapu",29.5.1974,"K. Thothathri &
N.G. Nair",1071,Paratype,PBL,,,
"Mallotus peltatus Müll.Arg. var.
rubriflorus Chakrab.","South Andaman,
Ograbrag",15.5.1976,N.G. Nair,3694 A,Holotype,PBL,,,
"Mallotus floribundus Müll.Arg.
var. cordifolius Chakrab.","South Nicobar, Gt.
Nicobar Is.,40 km on
East -
West Road",10.2.1980,R.P. Diwivedi,7858-A,Holotype,PBL,,,
"Glochidion subsessile N.P. Balakr.
& Chakrab.","South Andaman, Mount
Harriet",5.7.1979,T. Chakraborty,"7345-B, C, D,
E,F,G,H",Isotype,PBL,,,
"Glochidion subsessile N.P. Balakr.
& Chakrab.","South Andaman, Mount
Harriet",13.3.1976,"N.P. Balakrishnan
&
N. Bhargava",3459,Paratype,PBL,,,
"Glochidion subsessile N.P. Balakr.
& Chakrab.","South Andaman, Mount
Harriet",13.3.1976,"N.P. Balakrishnan
&
N. Bhargava",3460,Paratype,PBL,,,
"Glochidion subsessile N.P.
Balakr. & Chakrab.","South Andaman,
Nayashahar",13.3.1976,N.G. Nair,3691,Paratype,PBL,,,
"Glochidion brunneum Hook. f.
subsp. andamanicum N.P.
Balakr. & Chakrab.","South Andaman,
Wright Mgo to
Wyssen skyline",9.1.1974,N.P. Balakrishnan,766 B,Isotype,PBL,,,
"Glochidion bilobulatum Vasudeva
Rao & Chakrab.","North Andaman, Saddle
Peak Range Lania Bay
Slope",31.3.1977,N.P. Balakrishnan,5426 B,Isotype,PBL,,,
"Cleistanthus balakrishnanii
Chakrab.","South Nicobar, Lakshman
Beach campbell Bay",17.8.1975,N.P. Balakrishnan,2929,Paratype,PBL,,,
"Bridelia nicobarica Chakrab. & 
Vasudeva Rao","North Nicobar, Sawai,
Car Nicobar",24.2.1976,N.G. Nair,3523 A,Holotype,PBL,,,
"Bridelia nicobarica Chkrab. &
Vasudeva Rao","North Nicobar, Sawai,
Car
Nicobar",24.2.1976,N.G. Nair,3523-B,Isotype,PBL,,,
Bridelia nooteboomii Chakrab.,NW of Chiangmai -,11.1.1969,Nooteboom,716,Holotype,PBL,,,
Bridelia nooteboomii Chakrab.,NW of Chiangmai -,11.1.1969,Nooteboom,716,Isotype,PBL,,,
Drypetes bhattacharyae Chakrab.,"South Nicobar, Gt.
Nicobar, Dogmer
river bank","22.10.198
0",D.K. Hore,7971 B,Isotype,PBL,,,
Drypetes bhattacharyae Chakrab.,"South Nicobar,
Kopenheat
on West Coast",25.7.1976,N.P. Balakrishnan,4020,Paratype,PBL,,,
Drypetes bhattacharyae Chakrab.,"South Nicobar, Forest
behind Marve quarters",7.5.1984,T. Chakraborty,10307,Paratype,PBL,,,
Drypetes bhattacharyae Chakrab.,"South Nicobar, Kashin
Don",07.5.1976,R.P. Diwivedi,8001,Paratype,PBL,,,
Drypetes bhattacharyae Chakrab.,"South Nicobar, Dogman","21.10.198
0",D.K. Hore,7967,Paratype,PBL,,,
Drypetes bhattacharyae Chakrab.,"South Nicobar, Dogman","22.10.198
0",D.K. Hore,7970,Paratype,PBL,,,
Drypetes bhattacharyae Chakrab.,"South Nicobar,
Kepenheat",03.2.1980,R.P. Diwivedi,7804,Paratype,PBL,,,
Drypetes bhattacharyae Chakrab.,"South Nicobar,
Kepenheat",27.9.1980,D.K. Hore,8226,Paratype,PBL,,,
"Cnesmone javanica Blume var.
glabriuscula N.P. Balakr. &
N.G. Nair","South Andaman,
Guptapara","22.10.197
5","N.P. Balakrishnan
&
N.G. Nair",2287A & B,Paratype,PBL,,,
"Cnesmone javanica Blume var.
glabriuscula N.P. Balakr. &
N.G. Nair","South Andaman,
Guptapara","23.11.197
3",N.P. Balakrishnan,"641 B,C,D&E",Isotype,PBL,,,
"Dimorphocalyx balakrishnanii
Chakrab. & Premanath","South Andaman,
Havelock
Islands",15.5.1974,R. Ansari,1368-B,Isotype,PBL,,,
"Dimorphocalyx dilipianus N.P.
Balakr. & Chakrab.","South Andaman, Corbyns 
Cove,","10.10.197
3",N.G. Nair,498-B,Isotype,PBL,,,
"Trigonostemon nicobaricus
Chakrab.","South Nicobar, Gt.
Nicobar 9 km on East -
West Road",6.5.1981,R.P. Diwivedi,"8521- B, C, D
& E",Isotype,PBL,,,
"Trigonostemon aurantiacus
(Kurz ex Teijsm. & Binn.)
Boerl. var.
rubriflorus N.P. Balakr. &
Chakrab.","South Andaman, Miletilak",14.8.1976,N.G. Nair,4285,Paratype,PBL,,,
"Trigonostemon aurantiacus
ex Teijsm. & Binn.) Boerl.","South Andaman,
Havelock
Islands",15.5.1974,R. Ansari,1361- B,Isotype,PBL,,,
"Trigonostemon viridissimus (Kurz)
Airy Shaw var. confertifolius
N.P. Balakr. & N.G. Nair","North Andaman, Saddle
Peak",1.12.1976,"N.P. Balakrishnan
&
N.G. Nair",4773,Isotype,PBL,,,
"Sphyranthera airyshawii Chakrab.
& Vasudeva Rao","North Andaman, Saddle
Peak",10.5.1982,M.K.Vasudeva Rao,"8951. B, C, D,
E, F",Isotype,PBL,,,
"Phyllanthus andamanicus N.P.
Balakr. & N.G. Nair","North Andaman, Saddle
Peak",1.12.1976,"N.P. Balakrishnan
&
N.G. Nair",4765,Isotype,PBL,,,
"Macaranga nicobarica N.P.
Balakr. & Chakrab.","S.Nicobar, Kapong
Katchal Islands","19.10.197
5",P. Chakraborty,2584 C&D,Paratype,PBL,,,
"Macaranga nicobarica N.P.
Balakr. & Chakrab.","S.Nicobar, 33 km on East
-
West Road",22.7.1976,N.P. Balakrishnan,3950,Paratype,PBL,,,
"Macaranga nicobarica N.P.
Balakr. & Chakrab.","North Nicobar, Campbell
Bay",28.7.1976,N.P. Balakrishnan,4053,Paratype,PBL,,,
"Macaranga nicobarica N.P.
Balakr. & Chakrab.","South Nicobar, Mildera ,
Katchal Islands",11.8.1974,P. Chakraborty,2041 -C,Isotype,PBL,,,
"Leptopus sanjappae Sumathi,
Karthig., Jayanthi & Diwakar","North Andaman, Saddle
Peak, II Tekkari",5.9.2002,R. Sumathi,18562,Paratype,PBL,,,
"Leptopus sanjappae Sumathi,
Karthig., Jayanthi & Diwakar","North Andaman, Saddle
Peak",18.4.2001,R. Sumathi,17362,Isotype,PBL,,,
"Anoectochilus nicobaricus N.P.
Balakr. & Chakrab.","North Nicobar, 6 km on
East - West Road",1.12.1975,P. Chakraborty,3226,Isotype,PBL,,,
Dendrobium gunnarii P.S.N. Rao,"North Andaman, on
the way to
Radhanagar from
Health Centre","17.12.199
0",P.S.N. Rao,15791,Isotype,PBL,,,
"Eulophia nicobarica N.P.
Balakr.
& N.G.Nair","North Nicobar, Passia,
Car
Nicobar",15.6.1974,N.G. Nair,3226,Type,PBL,,,
"Malleola andamanica N.P.
Balakr.& Bhargava","Little Andaman, Hut Bay",28.8.1976,N. Bhargava,1647-B&C,Isotype,PBL,,,
"Taeniophyllum andamanicum N.P.
Balakr. & N.Bhargava","South Andaman,
Nilambur,
Baratang Island",17.7.1977,N. Bhargava,5932 B&C,Isotype,PBL,,,
"Taeniophyllum andamanicum N.P.
Balakr. & N.Bhargava","South Andaman,
Nilambur,
Baratang Island",23.7.1975,N. Bhargava,2488/2,Paratype,PBL,,,
"Bulbophyllum odoratissimum Lindl.
var. racemosum N.P. Balakr.",Tashiyangtsi,"24.10.196
5",N.P. Balakrishnan,43070 B,Isotype,PBL,,,
"Malleola andamanica N.P.
Balakr. & N.Bhargava","Little Andaman, Hut Bay",28.8.1976,N. Bhargava,"4189 B, C, D
& E",Isotype,PBL,,,
Globba pauciflora King ex Baker,--,6.12.1974,King's collector,376,Isotype,PBL,,,
"Arisaema saddlepeakense
P.S.N.Rao & S.K.Srivast.","North Andaman, Saddle
Peak",2.6.1988,P.S.N. Rao,13170,Isotype,PBL,,,
"Phrynium paniculatum N.P.
Balakr.","South Nicobar, 8 km on
East - West Road",19.8.1975,N.P. Balakrishnan,2979-B&C,Isotype,PBL,,,
"Phrynium paniculatum N.P.
Balakr.","South Nicobar, 31-32
km on East - West
Road",14.6.1977,N.P. Balakrishnan,5758,Paratype,PBL,,,
"Phrynium paniculatum N.P.
Balakr.","South Nicobar, Great
Nicobar Island, ca.
36.8 km on East - West
Road,
on path to Shompen",17.7.1977,N.P. Balakrishnan,5827,Paratype,PBL,,,
Hypolytrum balakrishnanii Noot.,"Middle Andaman, Camp
no. 15, 24 km
from Rangat S-
W","14.11.197
7",N. Bhargava,6358,Isotype,PBL,,,
"Dinochloa nicobariana R.B.
Majumdar","North Nicobar, Katchal
Islands",22.4.1974,P. Chakraborty,1129,Isotype,PBL,,,
Oryza indandamanica J.L. Ellis,"South Andaman, Rutland
Island",28.7.1980,J.L. Ellis,"12248 - B to
L",Isotype,PBL,,,
"Vittaria elongata Sw. var.
angustifolia Holttum ex N.P.
Balakr.","North Nicobar, Perka,
Car Nicobar","13.11.197
5",N.G. Nair,2896- B&C,Isotype,PBL,,,
"Neesiella intermedia
Sreem.",Acanthaceae,"Mahoba,
Hamirpur, UP","25.09.196
1","U.C.
Bhattacharyy
a",17790,Paratype,BSD,,
"Oreocome
stelliphore Cauwet
& Farille",Apiaceae,"On way to
Ramani from
Deodi, Nandadevi
NP
(3400 m)","27.08.198
2",P.K. Hajra,73376,Paratype,BSD,,
"Peucedanum
dehradunense",Apiaceae,Bindal,"24.03.196
5",C.R. Babu,35058,Isotype,BSD,,
Babu,,"ravines, Dehradun
(650 m)",,,,,,,
"Peucedanum
dehradunense",Apiaceae,Bindal,"24.03.196
5",C.R. Babu,35058,Isotypes,BSD,,
Babu,,"ravines, Dehradun
(650 m)",,,,,,,
"Peucedanum
josephianum
Wadhwa & H.J.",Apiaceae,"Agastyamala,
Trivandrum,","06.10.197
3",J. Joseph,44583,Holotype,BSD,,
Chowdhery,,Kerala (1800 m),,,,,,,
"Pimpinella
diversifolia
var.
sarmentifera",Apiaceae,"Gangi, Tehri
(3000 m)","10.08.197
8",A.K. Goel,"64313
A",Holotype,BSD,,
"Goel & 
Bhattacharyya",,,,,,,,,
"Pimpinella
diversifolia",Apiaceae,"Gangi, Tehri
(3000 m)","10.08.197
8",A.K. Goel,"64313
B, C",Isotype,BSD,,
var.,,,,,,,,,
sarmentifera,,,,,,,,,
"Goel
& U.C. Bhattach.",,,,,,,,,
"Pimpinella
diversifolia",Apiaceae,"Surkanda,","15.10.198
0",A.K. Goel,72605,Paratype,BSD,,
,,Tehri (2800 m),,,,,,,
"var.
sarmentifera",,,,,,,,,
"Goel & U.C.
Bhattach.",,,,,,,,,
"Pimpinella
diversifolia",Apiaceae,"Surkanda,","15.10.198
0",A.K. Goel,72605,Paratype,BSD,,
,,Tehri (2800 m),,,,,,,
"var.
sarmentifera",,,,,,,,,
"Goel & U.C.
Bhattach.",,,,,,,,,
"Pimpinella
diversifolia",Apiaceae,"Nalhan, Tehri
(3000 m)","22.09.197
8",A.K. Goel,67971,Paratype,BSD,,
var.,,,,,,,,,
sarmentifera,,,,,,,,,
"Goel
&
Bhattacharyya",,,,,,,,,
"Pimpinella
diversifolia
var.
sarmentifera","Gangi, Tehri
(3000 m)","22.09.197
8",A.K. Goel,67959,Paratype,BSD,,,
"Goel & U.C.
Bhattach.",,,,,,,,,
"Aralia devendrae
Pusalkar","Jammu &
Kashmir, Kodara","27.09.198
6",B.M. Wadhwa,84106,"Holotype
Isotype",BSD,,,
"Polystichum
garhwalicum
N.C. Nair & K.
Nag","Bhuna,
Garhwal (3300
m)","04.10.196
3","U.C.
Bhattacharyy
a",31031,"Holotype
Isotype",BSD,,,
"Anaphalis 
kashmiriana P.C.
Pant, R.R. Rao
&
Arti Garg","Pir pass,
Banihal
ridge, JK
(3330-
3835 m)","14.09.195
8",T.A. Rao,7716 A,Holotype,BSD,,,
"Anaphalis 
kashmiriana P.C.
Pant, R.R. Rao
&
Arti Garg",Asteraceae,"Pir pass,
Banihal
ridge, JK
(3330-
3835 m)","14.09.195
8",T.A. Rao,7716 B,Isotype,BSD,,
"Lactuca kashmiriana
Mamgain &
R.R. Rao",Asteraceae,"Degwan, JK","13.09.197
9",B.M. Wadhwa,"67012
B",Isotype,BSD,,
"Lactuca lahulensis
Mamgain & R.R.
Rao",Asteraceae,"Kydang,
Kardang, Lahul
(3300 m)","12.08.197
0","U.C.
Bhattacharyy
a",40772,Isotype,BSD,,
"Lactuca lahulensis
Mamgain & R.R.
Rao",Asteraceae,"Kydang,
Kardang, Lahul
(3300 m)","08.08.197
1","U.C.
Bhattacharyy
a",45173,Paratype,BSD,,
"Saussurea
sudhanshui Hajra",Asteraceae,"Dhanansi,
Nandadevi NP
(4800 m)","31.08.198
1",P.K. Hajra,"73466
B",Isotype,BSD,,
"Saussurea
sudhanshui Hajra",Asteraceae,"Dhanansi,
Nandadevi NP
(4800 m)","31.08.198
1",P.K. Hajra,"73466
C, D",Isotype,BSD,,
"Saussurea
sudhanshui Hajra",Asteraceae,Sarsupa,"05.07.198
2",P.K. Hajra,"73386
A",Paratype,BSD,,
,,"Tal, Nandadevi NP",,,,,,,
"Senecio ladakhensis
H.J.",Asteraceae,"Dras, Ladakh","27.07.198
8","H.J. Chowdhery
& B.P. Uniyal",85802,Isotype,BSD,,
"Chowdhery,
Uniyal, R. Mathur
&
R.R. Rao",,,,,,,,,
"Tricholepis
raghavendrae",Asteraceae,"Palampur, Holta,
HP (1310 m)","07.05.200
1",A. Saklani,281,Isotype,BSD,,
Saklani,,,,,,,,,
"L.B.
Chaudhary",,,,,,,,,
"Impatiens
badrinathii Pusalkar
& D.K. Singh",Balsaminaceae,"Uttarakhand,
Upper Alkananda
valley, Mana–
Vasudhara","11.08.200
8",Pusalkar,111306,"Holotype
Isotype",BSD,,
"Impatiens
badrinathii Pusalkar
& D.K. Singh",Balsaminaceae,"Ghagaria, 3000 m","16.08.196
3","U.C.
Bhattacharyy
a",29426,Paratype,BSD,,
"Impatiens
badrinathii Pusalkar",Balsaminaceae,"Chakrata,","26.07.197
0",O.P. Misra,38142,Paratype,BSD,,
& D.K. Singh,,"Deoban, 2000 m",,,,,,,
"Impatiens
badrinathii Pusalkar",Balsaminaceae,"Chamoli,","14.08.197
4",B.D. Naithani,53882,Paratype,BSD,,
& D.K. Singh,,"Jumma area, 2800
m",,,,,,,
"Impatiens
badrinathii Pusalkar
& D.K. Singh",Balsaminaceae,"Chamoli, on way
to Lata kharak",Sept. 1989,P.K. Hajra,87446,Paratype,BSD,,
"Impatiens
badrinathii Pusalkar
& D.K. Singh",Balsaminaceae,"on way to
Dunagiri, above
Kaga, 3000 m","18.08.197
4",B.D. Naithani,53928,Paratype,BSD,,
"Impatiens
badrinathii Pusalkar
& D.K. Singh",Balsaminaceae,"Tehri, Gangi, 3000
m","10.08.197
8",A.K. Goel,64324,Paratype,BSD,,
"Impatiens
badrinathii Pusalkar","Chamoli,",,"29.08.198
1",P.K. Hajra,73414,Paratype,BSD,,
& D.K. Singh,"Nanda Devi–
Dibrugheta",,,,,,,,
"Impatiens
badrinathii Pusalkar
& D.K. Singh","Uttarkashi,
above Yamnotri,",,"05.10.199
3","S.C.
Majumdar &
S. Singh",88043,Paratype,BSD,,
"Impatiens
badrinathii Pusalkar
& D.K. Singh","Gangotri, 3200 m",,"28.07.200
3",Pusalkar,104595,Paratype,BSD,,
"Impatiens
badrinathii Pusalkar
& D.K. Singh","Pithoragarh,
Dugtu,",,"08.08.199
8","B.P. Uniyal & B.
Balodi",93946,Paratype,BSD,,
"Impatiens
badrinathii Pusalkar
& D.K. Singh","Pithoragarh,
Baling,",,"17.08.199
8","B.P. Uniyal
& Bipin
Balodi",94237,Paratype,BSD,,
"Impatiens
devendrae
Pusalkar","Uttarakhand,
Chamoli
district,
Nanda
Devi
Biosphere
Reserve,
Alkananda valley,
on way to
Ghangria, 1 km
behind
Ghangaria
towards
Govindghat,
2900–
3100 m,",,"06.08.200
8",Pusalkar,111017,"Holotype
Isotypes",BSD,,
"Impatiens
devendrae
Pusalkar","Govindghat–
Ghangaria,",,Aug. 1963,"U.C.
Bhattacharyy
a",29425,Paratype,BSD,,
,"2900–
3100 m,",,,,,,,,
"Impatiens
devendrae
Pusalkar","Alkananda
valley,
Ghangaria-
Govindghat, 1.5–
2 km
behind
Upper
Bhyundar
village
towards
Ghangaria, 2600–
2800 m,",,"06.08.200
8",Pusalkar,111125,Paratype,BSD,,
"Impatiens leggei
Pusalkar & D.K.
Singh","Uttarakhand,
Chamoli
district,
Nanda",,"08.08.200
8",Pusalkar,111142,Holotype,BSD,,
,Devi,Biosphere,,,,,,,
,"Reserve,
Ghangaria, near
Valley of Flowers
National",,,,,,,,
,"Park entrance, +
3100 m",,,,,,,,
"Impatiens leggei
Pusalkar & D.K.",Himachal,"31.08.196
1",N.C. Nair,16418,Paratype,BSD,,,
Singh,"Pradesh, Kothi,
2700 m",,,,,,,,
"Impatiens leggei
Pusalkar & D.K.
Singh","Uttarakhand,
Chamoli, Nanda
Devi Biosphere","16.08.196
3","U.C.
Bhattacharyy
a",29427,Paratype,BSD,,,
,"Reserve,
Ghagaria, 3000
m",,,,,,,,
"Impatiens
Pusalkar & D.K.
Singh",Balsaminaceae,"Uttarakhand,
Nanda",Devi,"29.08.198
1",P.K. Hajra,73414,Paratype,BSD,
,"Biosphere
Reserve, on way
to Dibrugheta",,,,,,,,
"Impatiens leggei
Pusalkar & D.K.
Singh",Balsaminaceae,"Uttarakhand,
Chamoli,","09.09.198
9",P.K. Hajra,87914,Paratype,BSD,,
,,Sutol- Talkapa,,,,,,,
"Impatiens leggei
Pusalkar & D.K.
Singh",Balsaminaceae,"Uttarakhand,
Uttarkashi, on way
to Hadala",Sept. 2000,Bipin Balodi,96405,Paratype,BSD,,
"Impatiens leggei
Pusalkar & D.K.
Singh",Balsaminaceae,"Uttarakhand,
Pithoragarh,
Rungling Forests,
2800–3800 m","08.10.197
5",C.M. Arora,56768,Paratype,BSD,,
"Pegaeophyton
garhwalense
Chowdhery &",Brassicaceae,"On way to
Vasuki
Tal,
Garhwal
(3800","12.08.196
8",M.A. Rau,38676,"Holotype
Isotypes",BSD,,
S. Singh,,m),,,,,,,
"Rorippa
pseudoislandica H.J.
Chowdhery &
R.R. Rao",Brassicaceae,"Bela Tal,
Hamirpur, UP","03.04.196
2","U.C.
Bhattacharyy
a",21046,"Holotype
Isotype",BSD,,
"Minuartia
ebracteolata
Majumdar &
G.S. Giri","Caryollophyllace
ae","Batal, Lahul, HP
(4000 m)","11.09.196
1",N.C. Nair,16867,Isotype,BSD,,
"Silene gangotriana
Pusalkar, D.K.
Singh &
Lakshmin.",Caryophyllaceae,"Uttarakhand,
Gangotri
National
Park,","18.07.200
3",Pusalkar,381019,Holotype,BSD,,
,,"Bhojbasa- Gomukh
3800-4000 m",,,,,,,
"Silene gangotriana
Pusalkar,",Caryophyllaceae,"Uttarkashi,
Rudragaira","19.09.196
7",B.D. Naithani,37353,Paratype,BSD,,
"D.K. Singh &
Lakshmin.",,,,,,,,,
"Silene gangotriana
Pusalkar,",Caryophyllaceae,"Uttarkashi,
Bhojbasa","04.09.198
3","U.C.
Bhattacharyy
a",74844,Paratype,BSD,,
"D.K. Singh &
Lakshmin.",,,,,,,,,
"Silene gangotriana
Pusalkar,",Caryophyllaceae,"Chamoli, Malari","02.09.197
5",B.D. Naithani,56000,Paratype,BSD,,
"D.K. Singh &
Lakshmin.",,,,,,,,,
"Silene gangotriana
Pusalkar, D.K.",Caryophyllaceae,Himachal,"17.08.197
3",B. Nath,52781,Paratype,BSD,,
Singh,,"Pradesh, Chitkul",,,,,,,
Lakshmin.,,,,,,,,,
"Corispermum
ladakhianum Grey-",Chenopodiaceae,"Khardung,","15.08.197
6",B.M. Wadhwa,59931,Isotype,BSD,,
Wilson & Wadhwa,,"Ladakh, JK",,,,,,,
"Halogeton
kashmirianus Grey-
Wilson & Wadhwa",Chenopodiaceae,"Leh (towards
river), Ladakh
(3505 m)","01.08.197
6",B.M. Wadhwa,59345,"Holotype
Isotype",BSD,,
"Ipomoea laxiflora
H.J. Chowdhery &",Convolvulaceae,BSI,"28.09.200
8","H.J.
Chowdhery",108601,Holotype,BSD,,
Debta,,"campus, Dehradun
(750 m)",,,,,,,
"Ipomoea laxiflora
H.J. Chowdhery &",BSI,"28.09.200
8","H.J.
Chowdhery",108601,Isotype,BSD,,,
Debta,"campus, Dehradun
(750 m)",,,,,,,,
"Coriaria duthiei
D.K. Singh
&
Pusalkar","Jammu &
Kashmir,
Sunderbani-
Akhnoor","22.09.199
6",B.P. Uniyal,92857,"Holotype
Isotype",BSD,,,
"Coriaria duthiei
D.K. Singh
&
Pusalkar","Jammu & Kashmir,
on way to
Basatgal","24.05.198
6",S. Kumar,81331,Paratype,BSD,,,
"Coriaria duthiei
D.K. Singh","Kashmir,","18.09.198
6",B.D. Naithani,78382,Paratype,BSD,,,
"&
Pusalkar",Sauzea- Gagria,,,,,,,,
"Rhodiola imbricata
var. lobulata
N.B. Singh &
U.C.
Bhattacharyya","Sach pass,
Chamba, HP (4535
m)","23.07.196
4",N.C. Nair,32763,Isotype,BSD,,,
"Sedum pedicellatum
N.B. Singh & U.C.
Bhattaccharyya","On way to
Bogdiyar, Kumaon
(2000 m)","05.09.196
9","Pant &
Naithani",39603,Holotype,BSD,,,
"Sedum pedicellatum
N.B. Singh & U.C.
Bhattaccharyya","Mondal
area, Garhwal
(1650 m)","21.05.197
1",B.D. Naithani,43932,Paratype,BSD,,,
"Sedum pedicellatum
N.B. Singh & U.C.
Bhattaccharyya","Bakri-Mogar,
Kumaon (3500 m)","10.09.197
1",C.M. Arora,45646,Paratype,BSD,,,
"Sinocrassula indica
var. paniculata
N.B. Singh &
U.C.
Bhattacharyya","Deolsari,
Tehri- Garhwal
(1800 m)","26.07.196
4","U.C.
Bhattacharyy
a","33695
A","Holotype
Isotype",BSD,,,
"Sinocrassula indica
var. paniculata
N.B. Singh &
U.C.
Bhattacharyya","Champawat,
Kumaon (1600 m)","23.07.196
9",C.M. Arora,38889,Paratype,BSD,,,
"Carex
nandadeviensis
Ghildiyal,","On way to
Bhojgara from
Ramni, Chamoli","05.07.198
2",P.K. Hajra,"73974
A",Holotype,BSD,,,
"U.C.
Bhattacharyya",,,,,,,,,
& Hajra,,,,,,,,,
"Carex
nandadeviensis
Ghildiyal,","On way to
Bhojgara from
Ramni, Chamoli","05.07.198
2",P.K. Hajra,"73974
B",Isotype,BSD,,,
"U.C.
Bhattacharyya
&
Hajra",,,,,,,,,
"Elaeagnus
parvifolia",Nepal,-,V. Puri,183,Holotype,BSD,,,
"var.
pedunculata D. Basu",,,,,,,,,
"Elaeagnus
parvifolia","Girgaon,
Pithoragarh (2000
m)","21.04.196
5",N.C. Nair,35511,Paratype,BSD,,,
"var. pedunculata D.
Basu",,,,,,,,,
"Elaeagnus kanaii
var. osmastonii
Malhotra & D.
Basu","Girgaon,
Pithoragarh (14 -
1500 m)","11.06.195
8",T.A. Rao,6619,Paratype,BSD,,,
"Elaeagnus kanaii
var. osmastonii
Malhotra & D.
Basu",Elaeagnaceae,"On way
to
Kedarnath (2800
m)","11.08.196
8",M.M. Rau,38635,Paratype,BSD,,
Equisetum,Equisetaceae,Garhwal,-,M.A. Rau,10045,Paratype,BSD,,
"var. semidentatum
C.N. Page",,,,,,,,,
"Equisetum arvense
var. diffusum",Equisetaceae,"Gohna,","09.06.195
9",M.A. Rau,10070,Paratype,BSD,,
C.N. Page,,"Garhwal (1800
m)",,,,,,,
"Diplycosia indica
M.R. Debta & H.J.
Chowdhery",Ericaceae,"Kainyakata-
Kalapokhri,
Singalila NP,
Darjeeling, WB (c.
2950 m)","02.06.200
6",M.R. Debta,40813,Isotype,BSD,,
"Enkianthus indicus
M.R. Debta & H.J.
Chowdhery",Ericaceae,"Tonglu-Gairibas,
Singalila NP,
Darjeeling, WB
(c. 2900 m)","29.05.200
6",M.R. Debta,40542,Isotype,BSD,,
"Euphorbia sharmae
U.C. Bhattach.",Euphorbiaceae,"Hemkund,
Garhwal (4500
m)","17.08.196
3","U.C.
Bhattacharyy
a","29488
A",Holotype,BSD,,
"Euphorbia sharmae
U.C. Bhattach.",Euphorbiaceae,"Hemkund,
Garhwal (4500
m)","17.08.196
3","U.C.
Bhattacharyy
a 29488 B,
C, D, E, F",,Isotypes,BSD,,
"Argyrolobium
album
U.C. Bhattach.",Fabaceae,"Near
Dhar,
Gurdaspur,","30.08.196
9","U.C.
Bhattacharyy
a",39416,Holotype,BSD,,
,,Punjab (800 m),,,,,,,
"Argyrolobium
album
U.C. Bhattach.",Fabaceae,"Near
Dhar,
Gurdaspur,","30.08.196
9","U.C.
Bhattacharyy
a","39416
B, C, D",Isotypes,BSD,,
,,Punjab (800 m),,,,,,,
"Astragalus
ladakhensis R.R.Rao
& Balodi",Fabaceae,"Sankoo, Ladakh, JK
(3100 m)","21.08.197
6",B.M. Wadhwa,59845,"Holotype
Isotype",BSD,,
"Astragalus turgidus
R.R. Rao & Balodi",Fabaceae,"Banihal
mountain, Kashmir
(2350 m)","14.09.195
8",T.A. Rao,7655,"Holotype
Isotype",BSD,,
"Astragalus
uttaranchalensis L.B.
Chaudhary &
Z.H.
Khan",Fabaceae,"Chirbasa,
Uttarkashi","05.09.200
2",Z.H. Khan,223088,Isotype,BSD,,
"Trigonella emodi
var. oblongifolia
Balodi & R.R.
Rao",Fabaceae,"Near
Ghangaria,
Garhwal (2800
m)","23.08.196
3","U.C.
Bhattacharyy
a",29675,"Holotype
Isotype",BSD,,
"Trigonella glabrata
Balodi & R.R. Rao",Fabaceae,"Above Rahla, HP
(2400 m)","02.08.197
0","U.C.
Bhattacharyy
a",40453,"Holotype
Isotype",BSD,,
"Corydalis
kedarensis
Pusalkar & D.K.
Singh",Fumariaceae,"Uttarakhand,
Uttarkashi,
Gangotri National
Park, Bhoj","06.08.200
3",Pusalkar,103885,"Holotype
Isotype",BSD,,
,"kharak slopes,
on way
to
Kedar
kharak, 3500-
4000",,,,,,,,
"Corydalis
kedarensis
Pusalkar & D.K.
Singh",Fumariaceae,"Uttarakhand,
Uttarkashi,
Gangotri National
Park, Way to
Kedar
kharak, 3700-
4000 m","31.07.200
3",Pusalkar,104216,Paratype,BSD,,
"Corydalis
Royle",Fumariaceae,"Uttarakhand,
Gangotri",Jul-88,B.D. Naithani,75462,Holotype,BSD,,
"jadagangensis
Pusalkar &
D.K.
Singh",,"National
Park, Jada
Ganga valley,
way
to
Nelang, 3500 m,",,,,,,,
"Corydalis
Royle
jadagangensis
Pusalkar &
D.K.
Singh",Fumariaceae,"On way to Kedar
kharak, near
Kedar Ganga
Bridge, 3150 m","28.07.200
2",Pusalkar,102077,Paratype,BSD,,
Corydalis,Fumariaceae,Himachal,21.07.196,N.C. Nair,36013,Paratype,BSD,,
"Royle
jadagangensis
Pusalkar &
D.K.
Singh",,"Pradesh,
Mahasu,
Chirgaon- Larot,
2200 m,",5,,,,,,
Gentiana,Gentianaceae,Chandratal,08.09.196,N.C. Nair,16759,Holotype,BSD,,
N.C. Nair,,,1,,A,,,,
,,"lake area, Spiti,
HP (4169
m)",,,,,,,
"Gentiana
N.C. Nair",Gentianaceae,"Chandratal
area, Spiti, HP
(4169 m)",lake,"08.09.196
1",N.C. Nair,"16759
B, C, D,
E, F",Isotype,BSD,
"Swertia alpina U.C.
Bhattach. & S.
Agrawal",Gentianaceae,"Kedarnatha
glacial valley,
Garhwal (4000
m)","26.09.195
8",M.A. Rau,8701,Holotype,BSD,,
"Swertia alpina U.C.
Bhattach. & S.
Agrawal",Gentianaceae,"Kushkalya,
Garhwal (3200-
3400 m)","25.09.197
4","M.V.
Viswanathan",54945,Paratype,BSD,,
"Geranium
aconitifolium
var.
album B. Ghosh &
U.C. Bhattach.",Geraniaceae,"Thumla, Spiti
(4200 m)","01.08.197
2","U.C.
Bhattacharyy
a",49241,Isotypes,BSD,,
Juncus,Juncaceae,Rungling,08.10.197,C.M. Arora,56823,Isotype,BSD,,
Goel,,,5,,,,,,
,,"forest,
Pithoragarh",,,,,,,
"Gagea
var. spitiensis
Balodi & Uniyal",Liliaceae,"Kunzum Baac,
Spiti, HP","24.07.197
2","U.C.
Bhattacharyy
a",48975,Holotype,BSD,,
"Hibiscus 
hoshiarpurensis",Malvaceae,"Dholbah,
Hoshiarpur, Punjab","22.09.197
0",O.P. Misra,"41888
A",Holotype,BSD,,
"Paul & M.P.
Nayar",,,,,,,,,
"Epilobium spitianum
H.J. Chowdhery &
Murti",Onagraceae,"Geeta, Spiti, HP","03.08.197
2","U.C.
Bhattacharyy
a",49272,Holotype,BSD,,
"Epilobium
semiamplexicaule
H.J. Chowdhery
&",Onagraceae,"Rakcham, HP","13.08.197
3","K.P.
Janardhanan",52679,"Holotype
Isotype",BSD,,
S. Singh,,,,,,,,,
"Bulbophyllum raui
C.M. Arora","Shandev,
Pithoragarh (1700
m)","14.10.196
7",C.M. Arora,"37802
A",Holotype,BSD,,,
"Bulbophyllum raui
C.M. Arora","Shandev,
Pithoragarh (1700
m)","14.10.196
7",C.M. Arora,"37802
C",Isotype,BSD,,,
"Bulbophyllum
reptans var. acuta
Malhotra &",Orchidaceae,"Daﬁa
Pithoragarh","top,","03.09.197
3",C.M. Arora,"53279
A",Holotype,BSD,
Balodi,,(2400 m),,,,,,,
"Corallorhiza
anandae
Malhotra & 
Balodi",Orchidaceae,"Martoli –
bugyal,
Kumaon (4500
m)","15.06.195
8",T.A. Rao,6851,Holotype,BSD,,
"Corallorhiza
anandae
Malhotra & 
Balodi",Orchidaceae,do,"15.06.195
8",T.A. Rao,6851,Holotype,BSD,,
"Eria occidentalis
Seidenf.",Orchidaceae,"Chowpta-Maiti,
Daﬁadhura,
Pithoragarh","31.07.198
0",C.M. Arora,70806,Isotype,BSD,,
,,(1550 m),,,,,,,
"Eria occidentalis
Seidenf.",Orchidcaeae,"Chowpta-maitti
(1550 m)","31.07.198
0",C.M. Arora,70806,Holotype,BSD,,
"Eulophia
Malhotra &
Balodi",Orchidaceae,"Garjia,
Pithoragarh",Apr-84,B. Balodi,75561,Holotype,BSD,,
"Flickingeria hesperis
Seidenf.",Orchidaceae,"Askot,","16.05.197
9",C.M. Arora,66130,"Holotype
Isotype",BSD,,
,,"Pithoragarh (1500
m)",,,,,,,
"Listera
mucronata
Panigrahi & J.J.
Wood",Orchidaceae,"Amritganga
valley, Garhwal
(3500 m)","28.05.197
1",B.D. Naithani,"44064
, A, B,
C, D, E","Paratype
s",BSD,,
Listera,Orchidaceae,Nepal,-,V. Puri,641,Paratype,BSD,,
Panigrahi &,,,,,,,,,
Wood,,,,,,,,,
"Listera
nandadeviensis
Hajra",Orchidaceae,"Himtoli,
Nandadevi NP
(3000 – 3500 m)","20.08.198
1",P.K. Hajra,"73202
B, C,
D, E",Isotype,BSD,,
"Sesamum
mulayanum",Pedaliaceae,"Kanana,","22.10.196
2",N.C. Nair,"25127
A","Holotype
Isotype",BSD,,
,,"Dadri, Punjab",,,,,,,
"N.C.
Nair",,,,,,,,,
"Sesamum
mulayanum",Pedaliaceae,"Kanana,
Dadri, Punjab","22.10.196
2",N.C. Nair,"25127
B, C,
D, E",Isotype,BSD,,
"N.C.
Nair",,,,,,,,,
"Sesamum
mulayanum",Pedaliaceae,"Kanana,
Dadri, Punjab","22.10.196
2",N.C. Nair,"25132
A, B,
C, D, E","Paratype
s",BSD,,
"N.C.
Nair",,,,,,,,,
"Sesamum
mulayanum",Pedaliaceae,"Kanana,","22.10.196
2",N.C. Nair,"25137
A, B, C","Paratype
s",BSD,,
,,"Dadri, Punjab",,,,,,,
N.C. Nair,,,,,,,,,
"Sesamum
mulayanum",Pedaliaceae,"Kanana,
Dadri, Punjab","22.10.196
2",N.C. Nair,"25146
A, B,
C, D, E","Paratype
s",BSD,,
N.C. Nair,,,,,,,,,
"Apluda aristata var.
jainii R.K. Jain",Poaceae,Rajpur,"10.11.198
2",R.K. Jain,3C,Isotype,BSD,,
"Agrostis munroana
subsp. indica S.
Bhattacharya. &
S.K. Jain",Poaceae,"2
from
Kharcham,",kms,"27.08.197
3","K.P.
Janardanan",52862,Isotype,BSD,
,"Baspa valley, HP",,,,,,,,
"Agrostis munroana
subsp. indica S.
Bhattacharya.
&
S.K. Jain","Near the Bridge,
Baspa valley, HP
(12500 ft)","13.08.197
3","K.P.
Janardanan",52677,Paratype,BSD,,,
"Agrostis munroana
subsp. indica S.
Bhattacharya.
&
S.K. Jain","Brahma Tal,
Baspa valley, HP
(3500 m)","05.10.196
3","U.C.
Bhattacharyy
a",31063,Paratype,BSD,,,
"Agrostis munroana
subsp. indica S.
Bhattacharya. &
S.K. Jain",Poaceae,"Valley of
ﬂowers,
Garhwal (3900
m)","08.10.196
2","U.C.
Bhattacharyy
a",24376,Paratype,BSD,,
"Agrostis munroana
subsp. indica S.
Bhattacharya. &
S.K. Jain",Poaceae,"Pir pass,
Banihat
ridge, JK
(3330-
3835 m)","14.09.195
8",T.A. Rao,7680,Paratype,BSD,,
"Agrostis tungnathii
Sunanda",Poaceae,"Chamoli, on way
to Tungnath,","29.08.197
8","Sunanda
Bhattacharyya",1524 B,Isotype,BSD,,
"S.
Bhattacharyya
&
S.K. Jain",,,,,,,,,
"Cymbopogon
distatus",Poaceae,Upper,Sep-65,B.K. Gupta,23,Holotype,BSD,,
"var.
uppermundensis
Gupta",,"Munda, Banihal
pass, JK",,,,,,,
"Cymbopogon
ladakhensis",Poaceae,"Ladakh, Jammu
&",Feb-66,B.K. Gupta,37,Holotype,BSD,,
B.K. Gupta,,Kashmir,,,,,,,
"Cymbopogon matia
Gupta",Poaceae,"Originally
from Bangalore",Aug-65,B.K. Gupta,25,Holotype,BSD,,
"Elymohordeum
ladakhianum
Rajeswari & R.R.
Rao",Poaceae,"Chumtang –
Mahi, Ladakh, JK","14.08.198
8","H.J. Chowdhery
& B.P. Uniyal",86183,Holotype,BSD,,
"Elymohordeum
ladakhianum
Rajeswari & R.R.
Rao",Poaceae,"Chumtang –
Mahi, Ladakh, JK","14.08.198
8","H.J.
Chowdhery &
B.P. Uniyal","86183
A",Isotype,BSD,,
"Elymohordeum
transhimalaicus
Rajeswari & R.R.
Rao",Poaceae,"Lakoug, Ladakh, JK
(4500 m)","23.07.197
3","U.C.
Bhattacharyy
a",52175,Holotype,BSD,,
"Elymus
gangotrianus
Pusalkar,",Poaceae,"Uttaranchal,
Gangotri
National
Park,","07.08.200
3",Pusalkar,104252,"Holotype
Isotype",BSD,,
D.K.,,,,,,,,,
"Singh
Srivast.",,"Gangotri- Kedar
kharak",,,,,,,
"Elymus
gangotrianus
Pusalkar,",Poaceae,"Uttaranchal,
Gangotri Natl.
Park, On way to
Kedar kharak,","31.08.200
3",Pusalkar,102189,Paratype,BSD,,
D.K.,,,,,,,,,
Singh,,,,,,,,,
Srivast.,,,,,,,,,
"Elymus
gangotrianus
Pusalkar,",Poaceae,"Uttaranchal,
Gangotri Natl.
Park, Bhojbasa","19.07.200
3",Pusalkar,102379,Paratype,BSD,,
D.K.,,,,,,,,,
Singh,,,,,,,,,
Srivast.,,,,,,,,,
"Elymus harsukhii
H.S. Dubey &
S.N. Dixit",Poaceae,"On way to
Amarnath,
Kashmir (3800 m)","14.08.198
8",J. Murugesan,"65618
A",Holotype,BSD,,
Festuca,Poaceae,"Ramani – Deodi,",27.08.198,P.K. Hajra,73380,Isotype,BSD,,
nandadevica Hajra,Nandadevi,,1,,A,,,,
,National,"Park,",,,,,,,
,Chamoli,,,,,,,,
"Festuca
nandadevica Hajra","Ramani – Deodi,
Nandadevi",,"27.08.198
1",P.K. Hajra,"73380
B",Paratype,BSD,,
,National,"Park,",,,,,,,
,Chamoli,,,,,,,,
"Festuca
nandadevica Hajra",,Poaceae,"Deodi –
Ramani
camp, Nandadevi
NP","25.08.198
1",P.K. Hajra,"73285
B",Isotype,BSD,
"Festuca sanjappae
K. Chandra Sek.
&
S.K. Srivast.",,Poaceae,"Chhohem, Pin
Valley National
Park, HP (4100
m)","13.07.200
3","K.
Chandraseka
r",103271,"Holotype
Isotype",BSD,
"Poa chushualana
Rajesw., R.R. Rao
& Arti Garg",,Poaceae,"Chusul, Ladakh, JK
(5500 m)","24.08.197
5","M.V.
Viswanathan",55015,Holotype,BSD,
"Pogonatherum
santapaui
Sur",,Poaceae,"Lansdowne
Marora,
Dehradun (700
m)",–,"26.02.196
0",J.N. Vohra,11248,"Holotype
Isotypes",BSD
"Phymatopteris
nakaikeium",P.C.,Polypodiaceae,"Munsyari,
Pithoragarh","09.09.198
3",P.C. Pande,69,Paratype,BSD,
Pande,,,,,,,,,

Pande,,,,,,,,,
"Androsace
garhwalicum
Balodi & S.
Singh",,Primulaceae,"Hemkund on
way,
Chamoli","17.08.196
3","U.C.
Bhattacharyy
a",29497,"Holotype
Isotype",BSD,
"Pteris raghavendrae
H.J. Chowdhery
&
S. Singh",,Pteridaceae,"Dhauliganga
valley,
Pithoragarh","16.09.198
5","H.J. Chowdhery
& S. Singh",73174,"Holotype
Isotype",BSD,
"Anemone raui Goel
& 
Bhattacharyya",,Ranunculaceae,"Bakri-Udiyar,
Kumaon (3300 m)","06.08.197
2",C.M. Arora,49636,Paratype,BSD,
"Anemone raui Goel
& U.C.",,Ranunculaceae,Below,"08.08.197
2",C.M. Arora,49738,Paratype,BSD,
Bhattach.,,,"Udiyar, Kumaon
(2900 m)",,,,,,
"Anemone raui Goel
& U.C.
Bhattach.",,Ranunculaceae,"Bakri-Udiyar,
Kumaon (3300 m)","06.08.197
2",C.M. Arora,49636,Paratype,BSD,
"Ranunculus
uttaranchalensis 
Pusalkar &
D.K.
Singh",,Ranunculaceae,"Uttarakhand,
Uttarkashi,
Gangotri National
Park, Upper
Nandanvan","15.07.200
3",Pusalkar,102334,"Holotype
Isotype",BSD,
"Berchemia jainiana
Pusalkar & D.K.
Singh",,Rhamnaceae,"Uttarakhand,
Garhwal,","09.08.196
8",M.A. Rau,38167,Isotype,BSD,
,,,"Phata- Gaurikund,
1800 m,",,,,,,
"Sageretia
kishtwarensis
Bhandari &
Bansali",,Rhamnaceae,"Kishtwar hills, JK
(1800-2000 m)","21.09.195
8",T.A. Rao,7799,Holotype,BSD,
"Sageretia
devendrae
Pusalkar",,Rhamnaceae,"Uttarakhand,
Chamoli,
Suraithota,","12.08.198
8",P. K. Hajra,87043,Holotype,BSD,
"Sageretia santapaui
Pusalkar & D.K.
Singh",,Rhamnaceae,"Uttarakhand,
Garhwal, Bhyundar
valley, 2400 m","15.06.197
9","U. C.
Bhattacharyy
a",66316,"Holotype
Isotype",BSD,
"Geum aequilobatum
Purohit &
Panigrahi",,Rosaceae,"Way
Ghuttu,
Tehri-Garhwal",to,"08.06.197
2",B.D. Naithani,4820 b,Isotype,BSD
"Potentilla sojakii
Dikshit & Panigrahi",,Rosaceae,"Shetigar, Spiti,
HP (4300 m)","25.07.197
2","U.C.
Bhattacharyy
a",48842,Holotype,BSD,
"Potentilla sojakii
Dikshit & Panigrahi","Chotadara, Lahul,
HP (3850 m)","11.09.196
1",N.C. Nair,16845,Paratype,BSD,,,
"Spiraea
chambaensis Purohit",Rosaceae,"Satrundi,","13.07.196
4",N.C. Nair,32392,Holotype,BSD,,
& Panigrahi,,"Chamba, HP
(3100 m)",,,,,,,
"Saxifraga
cordigera",Saxifragacceae,"Dzongri,","14.09.198
3",Agses,431,Isotype,BSD,,
,,"Sikkim (13,200 ft)",,,,,,,
"var. sikkimensis
Wadhwa",,,,,,,,,
"Saxifraga
poluniniana
var.",Saxifragaceae,"Kukinakhal,
Garhwal (3200 m)",May-67,"U.C.
Bhattacharyy
a","37230
A",Isotype,BSD,,
mucronata,,,,,,,,,
"Bhattach. &
M.V.
Vishwanathan",,,,,,,,,
"Saxifraga
christopherii
Wadhwa",Saxifragaceae,"Langla pass 5300
m)","06.08.197
3","Grey-Wilson
& Philips",558,Isotype,BSD,,
"Alectra parasitica
var. chitrakutensis
M.A. Rau","Scrophulariacea
e","Chitrakut, Banda, UP","12.11.195
7",M.A. Rau,3724 B,Holotype,BSD,,
"Veronica biloba
var. minima N.C.
Nair","Scrophulariacea
e","Batal, Lahul, HP
(3900 m)","11.09.196
1",N.C. Nair,16842,Holotype,BSD,,
"Valeriana
himachalensis",Valerianaceae,"Thatti forest, HP
(2200 m)","19.06.197
4",B.M. Wadhwa,53071,Holotype,BSD,,
V.,,,,,,,,,
Prakash,,,,,,,,,
Mehrotra,,,,,,,,,
"Tetrastigma indicum
M. Maulik",Vitaceae,"Way to Lilam
valley, Kumaon
(1500 m)","02.09.196
9","Pant &
Naithani",39564,Isotypes,BSD,,
"Hedychium radiatum
A.S. Rao & Hajra",Zingiberaceae,"Near Sephu –
Wawa camp
(about midway)","06.09.197
4",A.S. Rao,"56655
D",Isotype,BSD,,
Lactuca pseudoumbrella D. Maity and Maiti,Asteraceae,Muguthang,31-08-1991,Maiti; Sihna,22485 C,Isotype,,,
"Spongiocarpella purpurea (P.C. Li) Yakovlev var.
ihonakia D. Maity & A.S. Chauhan",Leguminosae,"North Sikkim, Lhonak
valley,
4000 m",11/7/2007,D. Maity,21273 B,Isotype,,,
Juncus benghalensis Kunth. Var,Juncaceae,Kyongnosla,24-08-2004,G.M. Chhetri,27572 B,Isotype,,,
"Chhetri, Hynn. & A. A. Ansari",,"Alpine
Sanctuary 3500
m",,,,,,,
"Hericium bharengense K. Das, Stalpers & 
Eberhardt",Hericiaceae,"Upper
Bhareng,
2573 m",1/9/2010,Kanad Das,KD 10658,Holotype,,,
Lactarius elaioviscidus K. Das & Verbeken,Russulaceae,Hilltok 2233 m,3/9/2010,Kanad Das,KD 10692,Holotype,,,
Lactarius ermineus K. Das & Verbeken,Russulaceae,Yuksom 1693 m,27-08-2010,Kanad Das,KD 10622,Holotype,,,
Lactarim byssaceus K. Das & Verbeken,Russulaceae,Yuksom 1693 m,28-08-2010,Kanad Das,KD 10628,Holotype,,,
"Russula tsokae K. Das, Van de Putte & Buyck",Russulaceae,Tsoka 2897 m,3/9/2009,Kanad Das,"KD-KVP
1283",Holotype,,,
"Russula khanchanjungae Van de Putte, K. Das &
Buyck",Russulaceae,"Between Tsoka &
Djongri 3000 m",4/9/2009,"A. Verbeken,
K.
Das & K
Van.de Putte","AV-KD-KVP
09-116",Holotype,,,
Russula netrabarianus,Russulaceae,"Netrabari, Goa",6/7/2007,Kanad Das,KD 005-07,Holotype,,,
Sharma & J. Hemenway,,,,,,,,,
"Russula koleggiensis K. Das, S.L. Mill., J.R.
Sharma & J. Hemenway",Russulaceae,"Koleggi, Karnataka",7/7/2007,Kanad Das,KD 009-07,Holotype,,,
Hypogymmia sikkimensis G.P. Sinha & Elix,"Hypogymniacea
e","Mei-men Chu Lake
surroundings",18-09-1998,G.P. Sinha,14772 A,Holotype,,,
"Melanela microglara Divakar, Upreti, Sinha &
Elix",Parmeliaceae,"Lohnak valley,
Muguthang",9/1/1999,G.P. Sinha,1570,Holotype,,,
"Myelochroa sikkimensis Divakar, Upreti, G.P.
Sinha & Elix",Parmeliaceae,"Lachung, River Side
forests",15-07-1996,G.P. Sinha,1115,Holotype,,,
"Craniotome furcata
unceolata
Maity et Maiti",Lamiaceae,Below Hanumantok,20-11-1980,P. Chakraborty,826,Holotype,,,
"Craniotome furcata
sikkimensis Maity et Maiti",Lamiaceae,Tholung to Namprik,27-09-2001,D. Maity,24244 A,Holotype,Herbarium Acronym,,
Macaranga balakrishnani B. Mitra & T. Chakrab.,Sesna R.F.,10/6/1998,P. Basu,8377,Isotype,,,,














,,,,,,Holotype,,,
Name of the Taxon,Family name,Place of collection,"Date
Collection","Name of the 
collector","Coll.
No.","Type
Details","Herbarium
Acronym",,
"Striga scottiana
Shyn. Brintha &","Scrophula
- r iaceae",Holotype,"12t h
December",2252,"Chunkankadai
, Nagerkoil",BSID,,,
Rasingam,,,2010,,,,,,
"Brachystelma
B. R. P.
Rao, K.
Prasad, Sadas.,
S. K.
Basha,
M. V. S. Babu & Prasanna","Asclepia-
daceae","hills ,","31s t
2010","B. R. P. Rao &
K. Prasad",34664,Holotype,BSID,,
"Syzygium hookeri M.
V. Ramana, Chorghe &
Venu",Myrtaceae,I sotype,"12t h
February
2012",686,"Saddle
national
Kalpong
ide, North",BSID,,,
,,,,,Andaman,,,,
"Syzygium sanjappaiana M. V.
Ramana, Chorghe & Venu",Myrtaceae,I sotype,"20t h
February
2012",779,"Saddle
national
Kalpong
ide, North",BSID,,,
,,,,,Andaman,,,,
"Brachystelma
penchalakonense","Asclepia-
daceae","Penchalakona
, Nellore
district","6 t h
September
2012","Rasingam
,",2923,I sotype,BSID,,
"Rasingam,
Chorghe, Meve,
Rao & Prasanna",,,,,,,,,
"Staurogyne
M. V.
Ramana,
Sanjappa, Venu &
Chorghe",Acantha- ceae,I sotype,"18t h
January
2013",1185,"Saddle
national
Kalpong
ide, North
Andaman",BSID,,,
"Glochidion kingii M. V.
Ramana, Sanjappa, Venu
& Chorghe","Euphor-
biaceae",I sotype,"28t h October
2011",542,"Saddle
national
Kalipur",BSID,,,
,,iver,,,"Kalpong
s ide,
North",,,,
,,,,,Andaman,,,,
"Glochidion t irupathiense
Rasingam,
Chorghe, Prasanna &
Sankara Rao","Euphor-
biaceae",I sotype,"4 t h
September
2012",2901,"Way to KP
Tirumala hi l l
s .",BSID,,,
"Ledebouria
M. V. Ramana, Prasanna
& Venu","Hyacin-
thaceae",I sotype,"27t h
2009","P. V.
Prasanna &
V. N. Rao",1459,BSID,,,
"Murdannia
M. V. Ramana & Nandikar","Commeli-
naceae",peak,"18t h
October
2011",,550,I sotype,BSID,,
"Tripogon t i rumalae
Chorghe,
Rasingam, Prasanna &
Sankara Rao",Poaceae,I sotype,"4 t h
September
2012",,2914,BSID,,,
"Centotheca ganeshaiahiana
M. V. Ramana,
Chorghe, Prasanna &
Sanjappa",Poaceae,"peak
Park,","19t h
February
2011",,78,I sotype,BSID,,
"Ceropegia pullaiahii
Kullayisw., Sandhyar.
& Karupp.","Asclepia-
daceae",Paratype,"5 t h
November
2011",,41850,BSID,,,
"Glochidion kingii M. V.
Ramana, Sanjappa, Venu
& Chorghe","Euphor-
biaceae",peak,"28t h October
2011",,262,Paratype,BSID,,
"Tripogon
Chorghe,",Poaceae,Paratype,"6 t h
September
2012","Rasingam
,",2938,BSID,,,
"Rasingam, Prasanna &
Sankara Rao",,,,,,,,,
"Agapetes subansirica
G.D.Pal &Thoth.",Ericaceae,"Begi,
Lower
Subansiri","24.04.198
0",G.D. Pal,78214A,Isotype,ARUN,,
"Aconogonon pangianum
G.D. Pal & Maiti",Polygonaceae,"Pange, Lower
Subansiri",19.4.1980,G.D. Pal,77434,Isotype,ARUN,,
"Aconogonon pangianum
G.D.Pal & Maiti",Polygonaceae,"Tale Valley,
Lower
Subansiri",18.4.1980,G.D. Pal,77707,Paratype,ARUN,,
"Maesa arunachalensis
G.S.Giri, S.K.Das &
M.P.",Myrsinaceae,"Laa to
Muri,
Upper",10.1.1987,S.K. Das,3086,Isotype,ARUN,,
Nayar,,Subansiri,,,,,,,
"Globba rubromaculata J.
Lal & D.M. Verma","Zingiberacea
e","Ganga Lake,
Ianagar",2.10.86,J. Lal,2201A,Holotype,ARUN,,
"Globba rubromaculata J.
Lal & D.M. Verma","Zingiberacea
e","Ganga Lake,
Ianagar",2.10.86,J. Lal,2201B,Isotype,ARUN,,
"Primula subansirica G.
D. Pal",Primulaceae,"Begi,
Lower
Subansiri",24.4.1980,G.D. Pal,78219A-B,Isotype,ARUN,,
"Leycesteria
dibangvalliensis S.K. Das
& G.S. Giri","Caprifoliacea
e","Tewarigaon
, Dibang
Valley",3.1.1988,S.K. Das,2903,Isotype,ARUN,,
"Maesa nayarii G.S.Giri
& S.K.Das",Myrsinaceae,"Sippi to
Talika,
Upper
Subansiri",26.4.1988,S.K. Das,4038C,Isotype,ARUN,,
"Sonerila arunachalensis 
G.S.Giri, A. Pramanik
& H.J.Chowdhery","Melastomatace
a e","Mehao
WLS,
Dibang","15.09.199
0",A. Pramanik,5438,Isotype,ARUN,,
,,Valley,,,,,,,
"Sonerila arunachalensis
G.S. Giri, A. Pramanik
&","Melastomatace
a e","Mehao
WLS,
Dibang","15.09.199
0",A. Pramanik,5438,Holotype,ARUN,,
H.J. Chowdhery,,Valley,,,,,,,
"Sadiria erecta Mez var.
longipetiolata G.S. Giri,
G.D. Pal & H.J.
Chowdhery",Myrsinaceae,"Begi to Amji,
Lower
Subansiri","12.11.196
4",A.R.K. Sastry,40533,Holotype,ARUN,,
"Maesa ziroensis G.S. Giri
& G. D. Pal",Myrsinaceae,"Old Ziro to
Begi road,",9.4.1980,G.D. Pal,,Holotype,ARUN,,
Ophiorrhiza talevalliensis,Rubiaceae,Pange-,19.4.1980,G.D. Pal,77660,Paratype,ARUN,,
G. D. Pal & G. S. Giri,,Tale,,,,,,,
"Hedychium rubrum A.S.
Rao & D.M. Verma","Zingiberacea
e","Woodlands,
Khasi Hills",7.8.1970,D.M. Verma,38430,Holotype,ARUN,,
"Hedychium rubrum A.S.
Rao & D.M. Verma","Zingiberacea
e","Woodlands,
Khasi Hills","07.08.197
0",D.M. Verma,38430,Isotype,ARUN,,
"Eria sharmae
H.J.Chowdhery,
G.S.Giri &
G.D.Pal",Orchidaceae,"Itanagar,
Lower","20.02.199
2",H. J. Chowdhery,1726,Holotype,ARUN,,
"Eria sharmae H.J.
Chowdhery, G.S. Giri
&
G.D. Pal",Orchidaceae,"Itanagar,
Lower
Subansiri","20.02.199
2",H. J. Chowdhery,1726,Isotype,ARUN,,
"Epipogium indicum H.J.
Chowdhery, G.D. Pal
&
G.S. Giri",Orchidaceae,"Itanagar,
Lower
Subansiri","15.04.199
2",H. J. Chowdhery,1746,Holotype,ARUN,,
"Epipogium indicum H.J.
Choudhary, G.D. Pal
&
G.S. Giri",Orchidaceae,"Itanagar,
Lower
Subansiri","15.04.199
2",H. J. Chowdhery,1746,Isotype,ARUN,,
"Epipogium indicum H.J.
Choudhary, G.D. Pal
&
G.S. Giri",Orchidaceae,"Itanagar,
Lower
Subansiri","15.04.199
2",H. J. Chowdhery,1746,Isotype,ARUN,,
"Hedychium raoii G.D. Pal
& G.S. Giri","Zingiberacea
e","Yazali to
Kimin","20.09.198
3",G.D. Pal,,Holotype,ARUN,,
"Pholidota pygmaea H.J.
Chowdhery & G.D. Pal",Orchidaceae,Itanagar,"30.07.199
3",H. J. Chowdhery,1760,Holotype,ARUN,,
Mapania arunachalensis,Cyperaceae,Itanagar,"27.03.197
9",G.D. Pal,72502,Holotype,ARUN,,
Mapania arunachalensis,Cyperaceae,Itanagar,"27.03.197
9",G.D. Pal,72502,Isotype,ARUN,,
"Medinilla arunachalica
G.D. Pal",Myrsinaceae,"Old Ziro,
Lower
Subansiri","18.09.198
3",G.D. Pal,1232,Isotype,ARUN,,
"Rhododendron nayarii
G.D. Pal",Ericaceae,"Tale Valley,
Lower
Subansiri","17.04.198
0",G.D. Pal,77690A,Holotype,ARUN,,
"Rhododendron nayarii
G.D. Pal",Ericaceae,"Tale Valley,
Lower
Subansiri","17.04.198
0",G.D. Pal,77690D,Isotype,ARUN,,
"Lysionotus palinensis G.D.
Pal",Gesneriaceae,"Palin, Lower
Subansiri","09.09.198
3",G.D. Pal,400,Holotype,ARUN,,
"Embelia arunachalensis
R.K. Choudhary,
R.C. Srivastava &
A.K. Das",Myrsinaceae,"Gelling,
Upper Siang","18.09.200
7",R.K. Choudhary,18702,Holotype,ARUN,,
"Embelia arunachalensis
R.K. Choudhary,
R.C. Srivastava &
A.K. Das",Myrsinaceae,"Gelling,
Upper Siang","18.09.200
7",R.K. Choudhary,18702,Isotype,ARUN,,
"Hygrophila schulli M.R.Almeida
& S.M.Almeida var. alba
P.J.Parmar",Acanthaceae,"Konajari, near Kadi,
Mehsana Dist.,Gujarat",30.9.2003,P.J. Parmar,12988-A,Holotype,BSJO,,
"Hygrophila schulli M.R.Almeida
& S.M.Almeida var. alba
P.J.Parmar",Acanthaceae,"Konajari, near Kadi,
Mehsana Dist.,Gujarat",30.9.2003,P.J. Parmar,12988-B,Isotype,BSJO,,
"Salvadora persica L. var. persica
f. alba Rao & Chakraborty","Salvadoracea
e","Khirlao village,
near Sardar",5.11.1974,B.V. Shetty,1335-A,Holotype,BSJO,,
,,"Samand,
Dist.,Rajasthan",,Pali,,,,,
"Salvadora persica L. var. persica
f. alba Rao & Chakraborty","Salvadoracea
e","Khirlao village, near
Sardar Samand, Pali
Dist., Rajasthan",5.11.1974,B.V. Shetty,1335-B,Isotype,BSJO,,
"Echinops rajasthanensis
R.P.Pandey & V.Singh",Asteraceae,"Sunda hill, Jaswantpura,
Jalore Dist., Rajasthan",7.1.1978,"R.P. Pandey &
V. Singh",5248-A,Holotype,BSJO,,
"Echinops rajasthanensis
R.P.Pandey & V.Singh",Asteraceae,"Sunda hill, Jaswantpura,
Jalore Dist., Rajasthan",7.1.1978,"R.P. Pandey &
V. Singh",5248-B,Isotype,BSJO,,
"Tribulus subramanyamii P.Singh,
G.S.Giri & V.Singh","Zygophyllace
ae","Maddipenta, Kurnod
Dist., Andhra
Pradesh",11.8.1972,J.L. Ellis,42229-A,Holotype,BSJO,,
"Digitaria pennata (Hochst.) 
T.Cooke var. shettyana
R.P.Pandey, Parmar & B.L.Vyas",Poaceae,"Sareh mandir, Jalore Dist.,
Rajasthan",21.9.1978,B.V. Shetty,6659-B,Isotype,BSJO,,
"Brachiaria brizantha Stapf var.
ciliata Basappa & Muniy.",Poaceae,"Mysore Dist.,
Karnataka",11.9.1980,"G.P. Basappa &
M.
Muniyamma",1004-C,Isotype,BSJO,,
"Brachiaria chennaveeraiana
Basappa & Muniy.",Poaceae,"Near Gomukh, Mount
Abu, Rajasthan",15.10.1980,"G.P. Basappa &
M.
Muniyamma",2195-C,Isotype,BSJO,,
"Brachiaria eruciformis var.
divaricata Basappa & Muniy.",Poaceae,"Bogadi, near Mysore
Dist., Karnataka",12.8.1979,"G.P. Basappa &
M.
Muniyamma",1451-D,Isotype,BSJO,,
"Brachiaria hybrida Basappa &
Muniy.",Poaceae,"Near Tunga dam
Gajanur, Shimoga Dist.,
Karnataka",10.9.1979,"G.P. Basappa &
M.
Muniyamma",2851-C,Isotype,BSJO,,
Brachiaria munae Basappa,Poaceae,"Madurai Kamraj
University campus,
Madurai,Tamil Nadu",20.12.1979,G.P. Basappa,3001-C,Isotype,BSJO,,
"Brachiaria reptans (L.)
C.A.Gardner & C.E.Hubb. var.
hispida Basappa & Muniy.",Poaceae,"Govinakovi, Shimoga
Dist., Karnataka",10.10.1978,"G.P. Basappa &
M.
Muniyamma",2302-C,Isotype,BSJO,,
"Brachiaria ramosa Stapf var.
pubescens Basappa & Muniy.",Poaceae,"Benakanahalli, Shimoga
Dist., Karnataka",20.8.1980,"G.P. Basappa &
M.
Muniyamma",2171-C,Isotype,BSJO,,
"Brachiaria semiundulata Stapf
var. lanata Basappa &
Muniy.",Poaceae,"Near Doopada,
Bore Bedaguli,
Mysore Dist.,
Karnataka",8.8.1979,"G.P. Basappa &
M.
Muniyamma",2603-C,Isotype,BSJO,,
"Brachiaria semiundulata Stapf
var. intermedia Basappa & 
Muniy.",Poaceae,"Near Doopada,
Bore Bedaguli,
Mysore Dist.,
Karnataka",8.8.1979,"G.P. Basappa &
M.
Muniyamma",2602-C,Isotype,BSJO,,
"Brachiaria setigera (Retz.)
C.E.Hubb. var. albistyla
Basappa & Muniy.",Poaceae,"Agriculture college
campus, Coimbatore,
Tami Nadu",25.10.1980,"G.P. Basappa &
M.
Muniyamma",2716-C,Isotype,BSJO,,
"Brachiaria stapfiana Basappa & 
Muniy.",Poaceae,"Near Ugra,
Narasimha temple,
Hampi
Bellary",20.9.1979,"G.P. Basappa &
M. Muniyamma",2100-C,Isotype,BSJO,,
,,"Dist., Karnataka",,,,,,,
"Brachiaria villosa (Lam.) A.Camus
var. glaberrima Basappa & 
Muniy.",Poaceae,"Near
point
Siwalik
Chandigarh",2911-C,"Monkey,
Kasauli,
hill,","G.P. Basappa &
M.
Muniyamma",26.11.1981,Isotype,BSJO,
"Viola patrinii DC. var.
suaveolens Watt",Violaceae,"On the way to 
Punjab, 9000 ft",27 May 1878,George Watt,2097,Lectotype,BSIS,,
"Pogostemon
manipurensis V.S.
Kumar",Lamiaceae,Manipur,Sine die,George Watt,5078,Isotype,BSIS,,
"Plesmonium burkillii
Engl. & K. Krause
ex Haines",Araceae,Purneah,9-Aug-06,I.H. Burkill,27322,Holotype,BSIS,,
"Sorghum durra 
(Forssk.) Batt. &
Trab. var. mediocre
(Burkill
ex Benson &
Subba Rao)
Snowden",Poaceae,"Kistna, Madras",Sine die,–,s.n.,Syntype,BSIS,,
"Sorghum durra 
(Forssk.) Batt. &
Trab. var. mediocre
(Burkill
ex Benson &
Subba Rao)
Snowden",Poaceae,"Kistna, Madras",Sine die,–,s.n.,Syntype,BSIS,,
"Sorghum dochna
(Forssk.) Snowden var.
pulchrum (Burkill ex
Benson & Subba Rao)
Snowden",Poaceae,"Sagaing, Burma",Sine die,–,s.n.,Holotype,BSIS,,
"Sorghum
subglabrescent
(Steud.) Schweinf
& Aschers var.
irungiforme (Burkill 
ex
Benson & Subba Rao)
Snowden",Poaceae,"Trichinipoly,
Madras",Sine die,–,s.n.,Holotype,BSIS,,
"Coelogyne schultesii
Jain et Das",Orchidaceae,"Kawkareik
to
Thingan-
Nyinawng,
Amherst
Dist.,
Burma","March, 1904",I.H. Burkill,24351,Paratype,BSIS,,
"Dioscorea bulbifera L.
var. birmanica Prain
& Burkill",Dioscoreaceae,"Pwe-Lone,
Kyaukse
dist., lower
Burma","23 December
1903",-,22297,"Authenti
c sheet",BSIS,,
"Dioscorea bulbifera L.
var. birmanica Prain
& Burkill",Dioscoreaceae,"Pwe-Lone,
Kyaukse
dist., lower
Burma",8-Oct-04,Burkill & Prain,22297,"Authenti
c sheet",BSIS,,
"Dioscorea bulbifera L.
var. birmanica Prain
& Burkill",Dioscoreaceae,"Pakokku, Burma",9-Oct-04,Burkill & Prain,20644,"Authenti
c sheet",BSIS,,
"Dioscorea scortechinii
Prain & Burkill",Dioscoreaceae,-,May 1884,"Revd.
Father 
Scortechin
ii",s.n.,Syntype,BSIS,,
"Dioscorea scortechinii
Prain & Burkill",Dioscoreaceae,-,May 1885,"Revd.
Father 
Scortechin
ii",s.n.,Syntype,BSIS,,
"Dioscorea scortechinii
Prain & Burkill",Dioscoreaceae,-,May 1886,"Revd.
Father 
Scortechin
ii",s.n.,Syntype,BSIS,,
"Dioscorea
yunnanensis Prain &
Burkill",Dioscoreaceae,Yunnan,Sine die,-,9288 A,Syntype,BSIS,,
"Dioscorea
yunnanensis Prain &
Burkill",Dioscoreaceae,Yunnan,Sine die,-,9288 A,Syntype,BSIS,,
"Dioscorea bulbifera
L. var. sativa Prain 
& Burkill",Dioscoreaceae,Madras,Sine die,C.A. Barber,2404,"Authenti
c sheet",BSIS,,
"Dioscorea bulbifera
L. var. simbha 
Prain & Burkill",Dioscoreaceae,"Dentam, Sikkim,
alt. 4,000 ft.",23-May-09,I.H. Burkill,32105,"Authenti
c sheet",BSIS,,
"Dioscorea bulbifera
L. var. simbha 
Prain & Burkill",Dioscoreaceae,Labdah,5-Jun-03,"Dr. Prain's
collector",s.n.,"Authenti
c sheet",BSIS,,
"Dioscorea bulbifera
L. var. simbha 
Prain & Burkill",Dioscoreaceae,Mungpoo,"10 September
1911",Ribu,3,"Authenti
c sheet",BSIS,,
"Dioscorea bulbifera
L. var. simbha 
Prain & Burkill",Dioscoreaceae,Pachok,Oct-03,J.L. Lister,s.n.,"Authenti
c sheet",BSIS,,
"Dioscorea bulbifera
L. var. simbha 
Prain & Burkill",Dioscoreaceae,Mungpoo,"10 September
1911",Ribu,3,"Authenti
c sheet",BSIS,,
"Dioscorea bulbifera
L. var. simbha 
Prain & Burkill",Dioscoreaceae,Mungpoo,"19 September
1911",Ribu,8,"Authenti
c sheet",BSIS,,
"Dioscorea bulbifera
L. var. suavior 
Prain & Burkill",Dioscoreaceae,-,Sine die,-,21051,"Authenti
c sheet",BSIS,,
"Dioscorea bulbifera
L. var. suavior 
Prain & Burkill",Dioscoreaceae,"Nasirgarh,
Bhopal",17-Jul-03,Kalka Prashad,20095,"Authenti
c sheet",BSIS,,
"Dioscorea bulbifera
L. var. suavior 
Prain & Burkill",Dioscoreaceae,"Kalyan, Thana","22 September
1910",D. Hooper,34639,"Authenti
c sheet",BSIS,,
"Dioscorea bulbifera
L. var. suavior 
Prain & Burkill",Dioscoreaceae,"Kalyan, Thana","17 September
1910",D. Hooper,34470,"Authenti
c sheet",BSIS,,
"Dioscorea bulbifera
L. var. suavior 
Prain & Burkill",Dioscoreaceae,"Kalyan, Thana","22 September
1910",D. Hooper,34638,"Authenti
c sheet",BSIS,,
"Dioscorea bulbifera
L. var. suavior 
Prain & Burkill",Dioscoreaceae,"Nasirgarh,
Bhopal",17-Jul-03,Kalka Prashad,20095,"Authenti
c sheet",BSIS,,
"Dioscorea bulbifera
L. var. suavior 
Prain & Burkill",Dioscoreaceae,"Oung-Ya
village,
Pechaung,
Akyab dist.",7-Jan-07,I.H. Burkill,27985,"Authenti
c sheet",BSIS,,
"Dioscorea bulbifera
L. var. suavior 
Prain & Burkill",Dioscoreaceae,"Nebada, Arrah",2-Nov-10,Kalka Prashad,34831,"Authenti
c sheet",BSIS,,
"Dioscorea bulbifera
L. var. suavior 
Prain & Burkill",Dioscoreaceae,"Nebada, Arrah",2-Nov-10,Kalka Prashad,34831,"Authenti
c sheet",BSIS,,
"Note: Most of the Dioscorea sheets are mentioned as authentic sheets, the names have been written by the author and the sheets marked as type.",,,,,,,,,
"Diclptera nasikensis Lakshmin.
& B.D. Sharma",Acanthaceae,"Dang-Saundana, Satana
range,
Nasik","20.05.198
3",P.L. Narasimhan,163977 B-E,Isotype,BSI,,
"Dicliptera nasikensis
Lakshmin. & B.D. Sharma",Acanthaceae,"Dang-Saundana, Satana
range,
Nasik","17.05.198
5",P.L. Narasimhan,167696 A-F,Paratype,BSI,,
"Rungia linifolia Nees
var.saldanhae Mascar. et
Janarth.",Acanthaceae,"Btw. Kottigehera &
Jennuhallu, Chikmagalur","21.02.200
6",Mascar. et Janarth.,205,Type,BSI,,
"Strobilanthes membranaceus
Talbot",Acanthaceae,"Anmond ghat, N. Kannara","25.02.188
8",W.A.Talbot,1616,Type,BSI,,
"Strobilanthes membranaceus
Talbot",Acanthaceae,"Anmond ghat, N. Kannara","15.09.189
1",W.A. Talbot,1616,Type,BSI,,
Strobilanthes minor Talbot,Acanthaceae,"Kala nadi, Suppa, N. Kannara","10.09.188
5",W.A. Talbot,1338,Holotype,BSI,,
Strobilanthes minor Talbot,Acanthaceae,"Kala nadi, Suppa, N. Kannara","10.10.188
5",W.A. Talbot,1338,Isotype,BSI,,
"Chlorophytum bharuchae
Ansari, Sundararagh. &
Hemadri",Antheriaceae,"Shivaneri fort, Junnar, Pune","25.07.196
3",M.Y. Ansari,88712 B-F,Isotype,BSI,,
"Chlorophytum bharuchae
Ansari, Sundararagh. & 
Hemadri",Antheriaceae,"Shivaneri fort, Junnar, Pune","25.06.196
5",K. Hemadri,107097,Paratype,BSI,,
"Chlorophytum gothanense
Malpure & S.R.Yadav",Antheriaceae,"Gothane, Ratngiri","23.07.200
5",N.V. Malpure,2,Isotype,BSI,,
"Dipcadi goaense A.
Prabhugaokar, U. Yadav &
Janarth.",Antheriaceae,"Kevanravana, Goa","11.08.190
7","Prabhu, U. Yadav &
Janarth.",A 40,Isotype,BSI,,
"Heracleum dalgadianum M.R.
Almeida",Apiaceae,"Amboli, Sindhudurg","02.10.198
1",M.R. Almeida,1627 C,Paratype,BSI,,
"Pimpinella katrajensis R.S.
Rao & Hemadri",Apiaceae,"BSI Garden, Pune","20.09.197
1",K. Hemadri,108794 B-O,Isotype,BSI,,
"Pimpinella katrajensis R.S.
Rao & Hemadri",Apiaceae,"Katraj Ghat, Pune","17.12.196
9",K. Hemadri,81996 A-B,Paratype,BSI,,
"Pimpinella katrajensis R.S.
Rao & Hemadri *",Apiaceae,"BSI Garden, Pune","20.09.197
1",K. Hemadri,108794 A,Holotype,BSI,,
Pimpinella rollae Billore &,Apiaceae,"BSI Garden, Pune","15.07.196
9",K.V. Billore,115986 A,Holotype,BSI,,
Hemadri,,,,,,,,,
"Aponogeton bruggenii
S.R.Yadav & Govekar",Aponogetonaceae,"Nerurpur, Sindhudurg","10.09.199
4",S.R. Yadav,1,Isotype,BSI,,
"Amorphophallus bhandarensis
S.R.Yadav, Kahalkar
& Bhuskute",Araceae,"Tumsar, Bhandara","02.07.200
8",V.I. Kahalkar,5372,Isotype,BSI,,
"Arisaema murrayi (J.
Graham) Hook. var.
sonubeniae Tetali, Punekar &
Lakshmin.",Araceae,"Ganeshkhind, Junnar-Maishej
ghat rd, Junnar, Pune","25.06.200
2",P. Tetali & Punekar,186490,Isotype,BSI,,
"Arisaema sivadasanii
S.R.Yadav, K.S. Patil
& Janarth.",Araceae,"Amboli, Sindhudurg","22.10.199
5",S.R. Yadav,4695 B,Isotype,BSI,,
"Brachystelma ciliatum Arekal
& T.M. Ramakrishna",Asclepiadaceae,"Kolar, Mysore",27.061979,T.M. Ramakrishna,1311,Isotype,BSI,,
"Brachystelma ciliatum Arekal
& T.M. Ramakrishna",Asclepiadaceae,"Kolar, Mysore","24.08.197
9",T.M. Ramakrishna,1340,Paratype,BSI,,
"Ceropegia anantii S.R.
Yadav, Sardesai &
S.P. Gaikwad",Asclepiadaceae,"Salva Hill, Sindhudurg","15.09.199
8",S.R. Yadav,495,Isotype,BSI,,
"Ceropegia attenuata
Hook. var. mookambikae
Diwakar
& Singh",Asclepiadaceae,"Manmanhara plateau,
Mookambika WLS","26.08.200
7","Diwakar &
R.K. Singh",191852 B-E,Isotype,BSI,,
"Ceropegia attenuata
Hook. var. mookambikae
Diwakar
& Singh",Asclepiadaceae,"Manmanhara plateau,
Mookambika WLS","14.09.200
8","Diwakar &
R.K. Singh",184488 A-B,Paratype,BSI,,
"Ceropegia bhattii S.R. Yadav
& S.M. Shendge",Asclepiadaceae,"Malebanur ghat, Davanger
dist.
Karnataka","15.09.200
8",S.M. Shendge,2550,Isotype,BSI,,
Ceropegia huberi Ansari,Asclepiadaceae,"Amba ghat, Ratnagiri","29.08.196
7",M.Y. Ansari,105001-C,Isotype,BSI,,
Ceropegia huberi Ansari,Asclepiadaceae,"Amba ghat, Ratnagiri","29.08.196
7",M.Y. Ansari,105033 A-L,Paratype,BSI,,
"Ceropegia mahabalei
Hemadri & Ansari",Asclepiadaceae,"Ralegaon, Junnar, Pune","25.09.196
8",K. Hemadri,118070 B-E,Isotype,BSI,,
"Ceropegia mahabalei
Hemadri & Ansari",Asclepiadaceae,"Bhivade khurd, Junnar, Pune","21.09.196
8",K. Hemadri,117938 A-D,Paratype,BSI,,
Ceropegia mohanramii S.R.,Asclepiadaceae,"Kochara, Kudal, Sindhudurg","29.07.200
0",M.M. Sardesai,2541,Isotype,BSI,,
"Yadav, Gawade &
Sardesai",,,,,,,,,
Ceropegia rollae Hemadri,Asclepiadaceae,"Dhak Killa, Junnar, Pune",29.09.1965,K. Hemadri,107472 B-L,Isotype,BSI,,
Ceropegia rollae Hemadri,Asclepiadaceae,"Durga killa, Junnar, Pune",01.10.1965,K. Hemadri,107547 A-L,Paratype,BSI,,
"Ceropegia sahyadrica Ansari
& B.G. Kulk.",Asclepiadaceae,"Amboli ghat, Sindhudurg",30.08.1967,K. Hemadri,108643,Isotype,BSI,,
"Ceropegia sahyadrica Ansari
& B.G. Kulk.",Asclepiadaceae,"Danoli, near Sawantwadi,
Sindhudurg",18.09.1964,R.D. Pataskar,102141,Paratype,BSI,,
"Ceropegia sahyadrica Ansari
& B.G. Kulk.",Asclepiadaceae,"Sinhagad, Pune",30.07.1902,L.D. Garade,57 A-C,Paratype,BSI,,
"Ceropegia santapaui
Wadhwa & Ansari",Asclepiadaceae,"Mahabaleshwar-Mahad ghat
Rd.",19.08.1966,B. M. Wadhawa,109640 I-K,Isotype,BSI,,
"Ceropegia santapaui
Wadhwa & Ansari",Asclepiadaceae,"Mahabaleshwar-Mahad ghat
Rd.",13.09.1966,Wadhwa & Ansari,109651 B-N,Paratype,BSI,,
"Marsdenia lanceolata
T.Cooke",Asclepiadaceae,"Lohegaon, Pune",July 1891,Bhiva,--,Syntype,BSI,,
"Seshagiria sahyadrica Ansari
& Hemadri",Asclepiadaceae,"Sinhagad, Pune",28.06.1963,M.Y. Ansari,87750 B-C,Isotype,BSI,,
"Seshagiria sahyadrica Ansari
& Hemadri",Asclepiadaceae,"Gureghar, Mahabaleshwar
rd.,
Satara",20.06.1968,M.Y. Ansari,105077 A-D,Paratype,BSI,,
"Blumea venkataramanii R.S.
Rao & Hemadri",Asteraceae,"Ralegaon, Junnar, Pune",06.02.1969,K. Hemadri,68582,Paratype,BSI,,
"Blumea venkataramanii R.S.
Rao & Hemadri",Asteraceae,"Vadgaon maval, Pune-Mumbai
rd., Pune",05.01.1971,K. Hemadri,108788,Paratype,BSI,,
"Blumea venkataramanii R.S.
Rao & Hemadri",Asteraceae,"Vanwadi, Junnar, Pune",05.02.1969,K. Hemadri,68588,Paratype,BSI,,
Vernonia ornata Talbot,Asteraceae,"Girsappa falls, N. Kannara",29.12.1881,W.A. Talbot,2663,Holotype,BSI,,
Vernonia ornata Talbot,Asteraceae,"Girsappa falls, N. Kannara",02.01.1892,W.A. Talbot,5412,Isotype,BSI,,
Impatiens talbotii Hook.,Balsaminaceae,North Kanara,25.11.1895,W.A. Talbot,3732,Type,BSI,,
"Cassia kolabensis Kothari,
Moorthy & M. P. Nayar",Caesalpiniaceae,"Penn-Khopoli rd., Raigad",27.09.1976,M.J. Kothari,147461 B,Isotype,BSI,,
Arenaria curvifolia Majumdar,"Caryophyllacea
e",--,September,J.F. Duthie,3858 B,Isotype,BSI,,
"Gymnosporia konkanensis
Talbot",Celastraceae,"Manoli forest, Thane",01.07.1907,W.A. Talbot,2889,Holotype,BSI,,
Salacia talbotii Gamble,Celastraceae,"Anshi ghat, N.Kannara",01.06.1885,W.A. Talbot,1217,Syntype,BSI,,
"Garcinia talbotii Rizada ex.
Santapau",Clusiaceae,Thane,7-Sep,W.A. Talbot,5155,Paratype,BSI,,
Camptorrhiza indica S.R.,Colchicaceae,"Bhatia-Tisari, Dharmashala,",20.06.1990,S.R. Yadav,1867 A,Isotype,BSI,,
"Yadav, N.P. Singh & B.
Mathew",,Ratnagiri.,,,,,,,
"Iphigenia magnifica Ansari &
R.S. Rao",Colchicaceae,"Mukti lake, Dhule","05.10.196
9",R.D. Pataskar,"118218 B,
C,
E",Isotype,BSI,,
"Iphigenia magnifica Ansari &
R.S. Rao",Colchicaceae,"Mukti lake, Dhule","08.09.197
0",M.Y. Ansari,104945,Paratype,BSI,,
"Iphigenia magnifica Ansari &
R.S. Rao",Colchicaceae,"Matheran hills, Raigad.","30.07.197
3",M.Y. Ansari,104948,Paratype,BSI,,
"Iphigenia sahyadrica Ansari
& R.S. Rao",Colchicaceae,"Hullical, Shimoga","25.08.196
3",R.S. Raghvan,90209 B-C,Isotype,BSI,,
"Iphigenia sahyadrica Ansari
& R.S. Rao",Colchicaceae,"Hullical, Shimoga","24.08.197
3",M.Y. Ansari,104952 A-B,Paratype,BSI,,
Cyanotis arcotensis R.S. Rao,Commelinaceae,"Tippukadu R.F., N. Arkot,
Madras","10.11.196
3",J. Joseph,89886 B,Isotype,BSI,,
"Cyanotis cerifolia R.S. Rao &
Kammathy",Commelinaceae,"Mundwa expt. Garden, Pune","08.08.196
2",R.V. Kammathy,77785 B,Isotype,BSI,,
"Cyanotis cerifolia R.S. Rao &
Kammathy",Commelinaceae,"Weverly estate, Annamalai,
Madaras","12.09.196
1",R.V. Kammathy,73950 A,Paratype,BSI,,
"Murdannia brownii Nandikar
& Gurav",Commelinaceae,"Morjai plateau,
Gaganbauda,
Kolhapur","21.09.200
9",M.D. Nandikar,62,Holotype,BSI,,
"Neuropeltis malabarica
Ooststr.",Convolvulaceae,"Potolli, N.Kannara","05.02.189
2",W.A. Talbot,2735,Paratype,BSI,,
"Cyperus diwakarii W.Khan &
S.Solanki",Cyperaceae,"Poladpur, Mahabaleshwar,
Satara","01.11.200
2",D.P. Chavan,5032,Isotype,BSI,,
"Cyperus yadavi W. Khan,
Chavan, Solanki",Cyperaceae,"Nilambur forest, Kerla.","17.10.190
4",D.P. Chavan,5511,Isotype,BSI,,
"Eleocharis lankana Koyama
ssp. mohamadii W. Khan",Cyperaceae,"Kagal lake, Kholapur","27.08.199
5",W. Khan,4254,Isotype,BSI,,
"Eleocharis wadoodii S.R.
Yadav, Lekhak, Chandore",Cyperaceae,"Masai plateau, Panhala,
Kolhapur","15.08.200
7",A.N. Chandore,131,Isotype,BSI,,
"Fimbristylis ambavanensis V.P.
Prasad & N.P. Singh",Cyperaceae,"Top of fort, Ambavane,
Mulshi,
Pune","06.09.196
4",B.V. Reddi,99049 A-B,Isotype,BSI,,
"Fimbristylis bhaskarii J.Desai,
L. Joseph & K.Janarth.*",Cyperaceae,"Charmadi ghat, Chikmagalur","15.08.200
5","Desai, Joseph &
Janarth.",62,Isotype,BSI,,
"Fimbristylis dichotoma (L.)
Vahl. var. poladpurensis
D.P.Chavan",Cyperaceae,"Mahabaleswar-Poladpur rd.,
Satara","08.11.200
2",D.P. Chavan,5036,Isotype,BSI,,
Fimbristylis merrillii Kern,Cyperaceae,"Nilambur forest, Kerla.","17.10.190
4",D.P. Chavan,5508,Isotype,BSI,,
"subsp. sofiyae W. Khan &
D.P. Chavan",,,,,,,,,
"Fimbristylis naikii W. Khan &
Lakshmin.",Cyperaceae,"Amboli Road, Kolhapur","18.10.199
5",W. Khan,4341,Isotype,BSI,,
"Fimbristylis ratnagirica V.P.
Prasad & N.P. Singh",Cyperaceae,"Osargaon plateau, Kasal,
Ratnagiri","18.08.197
1",B.G. Kulkurni,131758 A,Isotype,BSI,,
"Fimbristylis sanjappae W.
Khan & S. Solanki",Cyperaceae,"Near Malpe beach, Udupi","14.10.200
4",D.P. Chavan,5419,Isotype,BSI,,
"Fimbristylis simpsonii V.P.
Prasad & N.P. Singh",Cyperaceae,"Kanagalgudda-Tirthahalli,
Mysore","19.08.196
3",R.S. Raghavan,90025 A,Isotype,BSI,,
"Fimbristylis woodrowii C.B.
Clarke",Cyperaceae,"Khandal, Pune.","24.09.189
5",,"Acc. No.
4709",Syntype,BSI,,
"Fimbristylis zatei W.Khan &
D.P.Chavan",Cyperaceae,"Beveingia, Kasargod dist.,
Kerala","15.10.200
4",D.P. Chavan,5451,Isotype,BSI,,
"Pycreus kanarensis V.P.
Prasad & N.P. Singh",Cyperaceae,Kanara dist.,"19.11.191
0",H.M. Chibber,2519,Isotype,BSI,,
Scirpus naikianaus W. Khan,Cyperaceae,"Bokar Tlk., Amdari, Beed","04.01.198
2",W. Khan,2158 E,Isotype,BSI,,
"Eriocaulon anshiense Punekar,
Malpure & Lakshmin.",Eriocaulaceae,"Waterfall near Mapoi ghat,
Anshi, N.Kannara","22.09.200
3",S. Punekar,187761,Isotype,BSI,,
"Eriocaulon anshiense Punekar,
Malpure & Lakshmin.",Eriocaulaceae,"Waterfall near Mapoi ghat,
Anshi, N.Kannara","11.10.200
3",S. Punekar,187822,Paratype,BSI,,
"Eriocaulon apetalum Punekar,
Malpure & Lakshmin.",Eriocaulaceae,"Harishchandragad, Lavali-
Panchnai, Ahmednagar","20.10.200
2",S. Punekar,186485,Isotype,BSI,,
"Eriocaulon apetalum Punekar,
Malpure & Lakshmin.",Eriocaulaceae,"Harishchandragad, Lavali-
Panchnai, Ahmednagar","25.10.200
3",S. Punekar,186101,Paratype,BSI,,
"Eriocaulon balakrishnanii
Punekar, Lakshmin.
& Vasudeva Rao",Eriocaulaceae,"Tiger tank, Anshi, N.Kannara","26.01.200
2",S. Punekar,183420,Isotype,BSI,,
"Eriocaulon balakrishnanii
Punekar, Lakshmin.
& Vasudeva Rao",Eriocaulaceae,"Tiger tank, Anshi, N.Kannara","31.03.200
2",S. Punekar,183489,Paratype,BSI,,
"Eriocaulon baramaticum
V.B. Shimpale et al.",Eriocaulaceae,Wagalwadi Baramati,"20.09.200
7",V.B. Shimpale,5554,Isotype,BSI,,
"Eriocaulon belgaumensis V.B.
Shimpale & S.R. Yadav",Eriocaulaceae,"Kankumbi plateau, Karnataka","29.08.200
8",V.B. Shimpale,3698,Isotype,BSI,,
"Eriocaulon cookie Punekar,
Malpure & Lakshmin.",Eriocaulaceae,"Harishchandragad, Lavali-
Panchnai, Ahmednagar","20.10.200
2",Punekar & Malpure,186484,Isotype,BSI,,
Eriocaulon epedunculatum,Eriocaulaceae,"Kas plateau, Satara","04.10.200
5",G.G. Potdar,2304,Isotype,BSI,,
Potdar et al,,,,,,,,,
Eriocaulon,horsley-kundae,20985,Eriocaulaceae,18.08.188,J.S. Gamble,"Horsley-Kunda, Kaddappah.",Type,BSI,
Fyson,,,,9,,,,,
"Eriocaulon kanarense
Punekar, Watve &
Lakshmin.",,187781,Eriocaulaceae,"02.09.200
3",Aparna Watve,"South of Ankola, on Karwar-
Manglore highway",Isotype,BSI,
"Eriocaulon karnatakense S.P.
Gaikwad, Sardesai, U.S.
Yadav & S.R. Yadav",,3,Eriocaulaceae,"15.09.200
0",U.S. Yadav,"Khemangundi, Karnataka",Isotype,BSI,
"Eriocaulon kolhapurense S.P.
Gaikwad, Sardesai & S.R.
Yadav",,5350,Eriocaulaceae,"30.09.199
8",M.M. Sardesai,"Chikewadi, Rangana fort,
Kolhapur",Isotype,BSI,
"Eriocaulon konkanense
Punekar, Malpure &
Lakshmin.",,187784,Eriocaulaceae,"07.09.200
3",N. Malpure,"Plateau near MIDC, Ratnagiri",Isotype,BSI,
"Eriocaulon koynense Punekar,
Mungikar & Lakshmin.",,186488,Eriocaulaceae,"20.12.200
2",R. Mungikar,"Old Vasavta gad, Koyna
WLS,
satara",Isotype,BSI,
"Eriocaulon maharashtrense
Punekar & Lakshmin.",,186495,Eriocaulaceae,"12.02.200
2",S. Punekar,"Nive village Tamhini, Mulshi,
Pune",Isotype,BSI,
"Eriocaulon peninsulare
Punekar & Lakshmin.",,183423,Eriocaulaceae,"26.01.200
2",S. Punekar,"Tiger tank, Anshi, N.Kannara",Isotype,BSI,
"Eriocaulon peninsulare
Punekar & Lakshmin.*",,183490,Eriocaulaceae,"31.03.200
2",S. Punekar,"Tiger tank, Anshi, N.Kannara","Paratype
?",BSI,
"Eriocaulon ratnagiricus
S.R.Yadav, S.P.Gaikwad &
Sardesai",,1 B,Eriocaulaceae,"01.10.199
6",S.P. Gaikwad,"Dharmashala, Ratnagiri",Isotype,BSI,
"Eriocaulon sahyadricum
Punekar, Malpure &
Lakshmin.",,186500,Eriocaulaceae,"25.10.200
2",S. Punekar,"Kate's point Mahabaleshwar,
Satar",Isotype,BSI,
"Eriocaulon sahyadricum
Punekar, Malpure &
Lakshmin.",,186115,Eriocaulaceae,"10.02.200
3",N. Malpure,"Amboli plateau, Sindhudurg",Paratype,BSI,
"Dalechampia stenoloba
Sundararagh. & B.G. Kulk.",,126547 B-C,Euphorbiaceae,"22.10.197
0",R.S. Raghavan,"Sukhalhatti forest, Lakkavali
range, Chikmagalur",Isotype,BSI,
"Euphorbia concanensis
Janarth. & S.R. Yadav",,1002,Euphorbiaceae,"20.09.199
3","Janarth. & S.R.
Yadav","Achirane, Phonda-Vaibhavvadi,
Sindhudurg",Isotype,BSI,
Euphorbia katrajensis Gage,,Acc No. 4709,Euphorbiaceae,"19.08.189
0",P.S. Kanetkar,"Katraj, Pune",Type,BSI,
Euphorbia katrajensis Gage,,Acc No. 4702,Euphorbiaceae,"29.07.190
9",S.V. Shevade,"Katraj, Pune",Type,BSI,
Croton caudatus Griseb. var.,,70886,Euphorbiaceae,"04.05.196
1","K.N.
Subramaniyam","Kuzuthuruthy river bank,
Kerala",Paratype,BSI,
"obovoideus Balakr. & T.
Chakrab.",,,,,,,,,
Phyllanthus talbotii Sedgw.,Euphorbiaceae,"Girsappa falls, N.Kannara",20.11.1883,W.A. Talbot,828,Type,BSI,,
"Alysicarpus vasavadae
Hemadri","Fabaceae
(papilionaceae)","Shivaneri fort, Junnar, Pune",01.11.1964,K. Hemadri,104350,Isotype,BSI,,
"Alysicarpus vasavadae
Hemadri","Fabaceae
(papilionaceae)","Kukdi river bank, Junnar, Pune",31.10.1964,K. Hemadri,104321,Paratype,BSI,,
"Alysicarpus vasavadae
Hemadri","(Fabaceae
(papilionaceae)","Shivaneri fort, Junnar, Pune",10.10.1962,R.S. Rao,83505,Paratype,BSI,,
Crotalaria decasperma Naik,"Fabaceae
(papilionaceae)","Ghatangiri, Osmanabad",15.11.1964,V.N. Naik,976 D,Type,BSI,,
Eleiotis trifoliata T. Cooke,"Fabaceae
(papilionaceae)","Badami, Karnatak",Aug 1892,###,"Acc No.
124633",Syntype,BSI,,
"Indigofera duthiei J. R.
Drumm. ex Naik","Fabaceae
(papilionaceae)","Ramling, Osmanabad",16.10.1966,V.N. Naik,1319,Holotype,BSI,,
Smithia agharkarii Hemadri,"Fabaceae
(papilionaceae)","Dhak plateau, Junnar, Pune",29.09.1965,K. Hemadri,107486 B,Isotype,BSI,,
Smithia agharkarii Hemadri,"Fabaceae
(papilionaceae)","Mahabaleshwar dhobi fall,
Satara",15.10.1957,S.D. Mahajan,24749,Paratype,BSI,,
Smithia agharkarii Hemadri,"Fabaceae
(papilionaceae)","Tata power station,
Kahandal,
Pune",03.10.1969,K. Hemadri,85171 A-I,Paratype,BSI,,
Zornia quilonensis Ravi,"Fabaceae
(papilionaceae)",Residency Quilon,14.08.1967,N. Ravi,308 A,Paratype,BSI,,
"Canscora devendrae Diwakar
et R.Kr.Singh",Gentianaceae,"Manmanhara plateau,
Mookambika WLS",19.12.2007,"Diwakar et R.Kr.
Singh",193716 D-G,Isotype,BSI,,
"Canscora devendrae Diwakar
et R.Kr. Singh",Gentianaceae,"Goliguddae plateau,
Mookambika WLS",16.10.2008,"Diwakar et R.Kr.
Singh",184476,Paratype,BSI,,
"Canscora sanjappae Diwakar
et R.Kr. Singh",Gentianaceae,"Mookambika, Udpi",14.10.2008,"Diwakar et R.Kr.
Singh",184465 D-H,Isotype,BSI,,
"Paraboea nagalandiana Deb
& R. M. Dutta",Hydatellaceae,"Saspung, Naga hills, Manipur",Dec. 1907,A.Meebold,7230,Paratype,BSI,,
"Trithuria konkanensis S.R.
Yadav & Janarth.",Hydrocharitaceae,"Akhirane, Sindhudurg",20.09.1993,"S.R.Yadav &
Janarth.",1001,Isotype,BSI,,
Blyxa talbotii Hook. f.,Hydrocharitaceae,Ghats of N.Kannara,04.03.1884,W.A. Talbot,920,Isotype,BSI,,
Leucas angustissima Sedgw.,Lamiaceae,"Siddhapur, N.Kannara",Feb 1896,W.A. Talbot,3740,Paratype,BSI,,
"Leucas deodikarii Billore &
Hemadri",Lamiaceae,"Dhak fort, Junnar, Pune",22.09.1968,K. Hemadri,117970 B,Isotype,BSI,,
Leucas deodikarii Billore &,Lamiaceae,"Vinchunal ghat, near Igatpuri,",05.06.1968,K.V. Billore,116170 A-E,Paratype,BSI,,
Hemadri,,,,,,Washala rg. Thana,,,
"Leucas deodikarii Billore &
Hemadri",,117830 A-B,Lamiaceae,18.09.1968,K. Hemadri,"Bail ghat near Tambe,
Junnar,
Pune",Paratype,BSI,
"Leucas deodikarii Billore &
Hemadri",,76244 A-B,Lamiaceae,05.12.1961,K.P. Janarthanan,"Rasacha jungle, Khed, Pune",Paratype,BSI,
"Plectranthus parvifolius
Talbot",,1739,Lamiaceae,01.12.1888,W.A. Talbot,"Potolli, N.Kannara",Holotype,BSI,
Cryptocarya procera Talbot,,2872,Lauraceae,-,-,-,-,BSI,
Leea talbotii King ex Talbot,,"Acc.
No.
3089",Leeaceae,1883,W.A. Talbot,"Karwar, N.Kannara",Paratype,BSI,
Leea talbotii King ex Talbot,,"Acc. No.
3088",Leeaceae,1882,W.A. Talbot,"Yellapore, N.Kannara",Holotype,BSI,
"Utricularia babui S.R. Yadav,
Sardesai & S.P. Gaikwad",,3045,Lentibulariaceae,04.04.2004,M.M. Sardesai,"Suleran Ajra, Kolhapur",Isotype,BSI,
"Utricularia janarthanamii S.R.
Yadav, Sardesai & S.P.
Gaikwad",,223 C,Lentibulariaceae,17.08.1997,M.M. Sardesai,Kolhapur,Isotype,BSI,
"Utricularia naikii S.R. Yadav,
Sardesai & S.P. Gaikwad",,"119 C,G",Lentibulariaceae,26.09.1999,M.M. Sardesai,"Amboli, Sindhudurg",Isotype,BSI,
"Rotala belgaumensis S.R.
Yadav, Malpur, Chandore",,3131,Lythraceae,31.08.2008,N.V. Malpure,"Amgaon plateau, Belgaum",Isotype,BSI,
"Abelmoschus manihot (L.) 
Medik. subsp. tetraphyllus
(Roxb.ex Horn.) Borss.
Waalk. var. megaspermus
Hemadri",,106812 B,Malvaceae,05.10.1965,K. Hemadri,"Pimperwadi, Junnar, Pune",Isotype,BSI,
"Abelmoschus manihot (L.) 
Medik. subsp. tetraphyllus
(Roxb.ex Horn.) Borss.
Waalk. var. megaspermus
Hemadri",,107313,Malvaceae,24.09.1965,K. Hemadri,"Ralegaon, Junnar, Pune",Paratype,BSI,
"Abelmoschus manihot (L.) 
Medik. subsp. tetraphyllus
(Roxb.ex Horn.) Borss.
Waalk. var. megaspermus
Hemadri",,108164,Malvaceae,20.09.1966,K. Hemadri,"Bhivade khurd, Junnar, Pune",Paratype,BSI,
Aglaia,talbotii Sundararagh.,2955,Meliaceae,27.11.1882,W.A. Talbot,"Kumpta, N.Kannara",Holotype,BSI,
Aglaia,talbotii Sundararagh.,499,Meliaceae,July 1883,W.A. Talbot,"Karwar, N.Kannara",Paratype,BSI,
"Azadirachta indica subsp.
vartakii M.J. Kothari,
Londhe et Singh",,173100,Meliaceae,06.03.1997,M.J. Kothari,"Rani-Amravati, Amravati",Isotype,BSI,
"Dysoxylum glandulosum
Talbot",,3808,Meliaceae,02.02.1897,W.A. Talbot,"Telgiri, N.Kannara",Syntype,BSI,
Ficus talbotii King,,655,Moraceae,03.09.1883,W.A. Talbot,"Shirshi, N. Kannara",Syntype,BSI,
Ficus talbotii King,,1100,Moraceae,28.09.1884,W.A. Talbot,"Yena rocks, N.K annara",Syntype,BSI,
Eugenia kanarensis Talbot,,3552,Myrtaceae,10.01.1896,W.A. Talbot,"Mulamni, N. Kannara",Holotype,BSI,
Eugenia memecylifolia Talbot,,3127,Myrtaceae,05.05.1894,W.A. Talbot,"Kalpa, N. Kannara",Holotype,BSI,
Eugenia memecylifolia Talbot,,3127,Myrtaceae,05.05.1894,W.A. Talbot,"Kalpa, N. Kannara",Isotype,BSI,
Eugenia utilis Talbot,,3644,Myrtaceae,05.05.1896,W.A. Talbot,"Sonda, N. Kannara",Isotype,BSI,
Eugenia utilis Talbot,,3644,Myrtaceae,05.05.1896,W.A. Talbot,"Sonda, N. Kannara",Holotype,BSI,
"Coelogyne schultesii S.K. Jain
& Phukan",,159,Orchidaceae,1899,D. Prain,Assam,Paratype,BSI,
Dendrobium mabelae Gammie,,Acc No. 339,Orchidaceae,"October
1902",G.A. Gammie,"Castle Rock, Karnataka",Type,BSI,
"Arthraxon junnarensis S.K.
Jain & Hemadri",,106849 B-C,Poaceae,06.10.1965,K. Hemadri,"Varsubai plateau, Junnar,
Pune",Isotype,BSI,
"Arthraxon junnarensis S.K.
Jain & Hemadri",,27170 A-B,Poaceae,12.10.1957,S.D. Mahajan,"Wilson point rd.
Mahabaleshwar, Satara",Paratype,BSI,
"Arthraxon lanceolatus (Roxb.)
Hochst. var. lanceolata",,99978,Poaceae,26.08.1964,M.Y. Ansari,"Sitabaidara, Arvi, Haveli,
Pune",Paratype,BSI,
"Arthraxon lancifolius (Trin.) 
Hochst. var. hindustanicus
Jain et. Deshp.",,8857 A-D,Poaceae,05.09.1965,P.J. Cherian,"Chopra, Kaisawa fort, Goa",Isotype,BSI,
"Arthraxon lancifolius (Trin.) 
Hochst. var. hindustanicus
Jain et. Deshp",,118151 A,Poaceae,27.09.1968,K. Hemadri,"Ganesh caves, Junnar, Pune",Paratype,BSI,
"Arthraxon raizadae S.K. Jain,
Hemadri & Deshp.",,98585 B-D,Poaceae,25.12.1969,K. Hemadri,"Mahabaleshwar, Satara",Isotype,BSI,
"Arthraxon raizadae S.K. Jain,
Hemadri & Deshp.",,87059,Poaceae,22.12.1963,K.C. Kanodia,"Gureghar, Mahabaleshwar
rd.,
Satara",Paratype,BSI,
"Arthraxon raizadae S.K. Jain,
Hemadri & Deshp.",,98546 B-D,Poaceae,24.12.1969,K. Hemadri,"Mahabaleshwar, Satara",Paratype,BSI,
Bhidea burnsiana Bor,,"Acc. No.
4684",Poaceae,08.10.1919,R.K. Bhide,"Lonavala, Pune",Isotype,BSI,
Bothriochloa jainii Deshp. &,,104241 B-C,Poaceae,24.10.1964,K. Hemadri,"Durga killa, Junnar, Pune",Isotype,BSI,
Hemadri,,,,,,,,,
"Bothriochloa jainii Deshp. &
Hemadri",Poaceae,"Taramati hill,
Harischandragad,
Thane","19.11.196
8",K.V. Billore,95800,Paratype,BSI,,
"Bothriochloa jainii Deshp. &
Hemadri",Poaceae,"Tiskari forest, Ambavane,
Pune","30.01.196
4",B.V. Reddi,115689,Paratype,BSI,,
"Brachiaria brizantha (Hochst.
ex A.Rich) Stapf var.
ciliata
Basappa et Muniy.",Poaceae,"Dept. garden Manasgangotri,
Mysore","11.09.198
0",Bassapa & Muniy.,1004 B,Isotype,BSI,,
"Brachiaria chennaveraiana
Basappa & Muniy.",Poaceae,"Mount Abu, near Gomukh","15.10.198
0",Basappa & Muniy.,2195 B,Isotype,BSI,,
"Brachiaria erusiformis
(J.E.Smith) Griseb
var
divaricata",Poaceae,Bogadi near Mysore,"12.08.197
9",Bassapa & Muniy.,1451 B,Isotype,BSI,,
"Basappa et
Muniy.",,,,,,,,,
"Brachiaria hybrida Basappa
& Muniy.",Poaceae,"Near Tung dam, Gajahur,
Shimoga","10.09.197
9",Basappa & Muniy.,2851 B,Isotype,BSI,,
Brachiaria munae Basappa,Poaceae,"Madurai Kamraj uni. Campus,
Madurai","20.12.197
9",Basappa,3001 B,Isotype,BSI,,
"Brachiaria ramosa Stapf var.
pubescens Basappa &
Muniy.",Poaceae,"Benakanhalli, Shimoga","20.08.198
0",Basappa & Muniy.,2171 B,Isotype,BSI,,
"Brachiaria reptans Gard. &
Hubb. var. hispida
Basappa & Muniy.",Poaceae,"Govinakovi, Shimoga","10.10.198
0",Basappa & Muniy.,2302 B,Isotype,BSI,,
"Brachiaria semiundulata
Stapf var. intermedia
Basappa & Muniy.",Poaceae,"Near Doopada bori, Bedaguli,
Mysore","08.08.197
9",Basappa & Muniy.,2602 B,Isotype,BSI,,
"Brachiaria semiundulata
Stapf var. lanata Basappa
& Muniy.",Poaceae,"Near Doopada bori, Bedaguli,
Mysore","08.08.197
9",Basappa & Muniy.,2603 B,Isotype,BSI,,
"Brachiaria setigera Hubb.
var. albistyla Basappa &
Muniy.",Poaceae,"Agri. cllg. campus,
Coimbatore.","25.10.198
0",Basappa & Muniy.,2716 B,Isotype,BSI,,
"Brachiaria stapfiana
Basappa & Muniy.",Poaceae,"Near Ugra Narshimha
temple,
Humpi, Bellary","20.09.197
9",Basappa & Muniy.,2100 B,Isotype,BSI,,
"Brachiaria villosa A. Camus 
var. glaberrima Bassapa &
Muniy.",Poaceae,"Near monkey pt., Kasauli,
Shivalik hill, Chandigarh","26.11.198
1",Basappa & Muniy.,2911 B,Isotype,BSI,,
Coelachne ghatica Naik,Poaceae,"Amboli, Sindhudurg","13.09.197
1",V.N. Naik,1300 A,Holotype,BSI,,
"Cynodon barberi Rang. &
Tadul.",Poaceae,Coimbatore,Aug-96,###,"Acc. No.
4503",Syntype,BSI,,
Danthonia gammiei Bhide,Poaceae,"Castle rock, N.Kannara",25.10.1902,G.A. Gammie,15636,Holotype,BSI,,
"Dichanthium magdaleni
(Almeida) Jain et Deshp.",Poaceae,"Agumbe, Shimoga",03.11.1973,M.R. Almeida,2941,Paratype,BSI,,
"Dimeria santapaui M.R.
Almeida",Poaceae,"Mirjan ﬂats, N.Kannara",Oct. 1919,Sedgwik & Bell,6875,Isotype,BSI,,
Dimeria woodrowii Stapf,Poaceae,"Marmagao, Goa",14.10.1891,W.A. Talbot,2557,Isotype,BSI,,
"Enteropogon badamicus
Bhide",Poaceae,"Badami, Karnatak",08.09.1911,R.K. Bhide,"Acc. No.
4697",Isotype,BSI,,
"Eulalia shrirangii Salunke &
Potdar",Poaceae,"Kas plateau, Satara",09.10.1994,C.B. Salunkhe,8170,Isotype,BSI,,
"Glyphochloa henryi Janarth.,
Joshi & Rajkumar",Poaceae,"Tisk, Virgao, Goa",27.09.1998,Rajkumar & Janarth.,1661,Isotype,BSI,,
"Glyphochloa veldkampii
Fonseca & Janarth.",Poaceae,"Goa, Kasauli, along Panjim-
Belgaum highway",21.10.2001,Janarth.& Fonseca,1901,Isotype,BSI,,
"Isachne bicolor Naik &
Patunkar",Poaceae,"Mhaismal, Aurangabad",08.10.1973,B.W. Patwardhan,1849 D,Isotype,BSI,,
Isachne borii Hemadri,Poaceae,"Durga killa, Junnar, Pune",22.09.1968,K. Hemadri,117968 B-C,Isotype,BSI,,
Isachne borii Hemadri,Poaceae,"Plateau above Bhushi lake,
Lonavala, Pune",20.08.1964,B.V. Reddi,98672 A-E,Paratype,BSI,,
"Isachne swaminathanii
Ved Prakash & S.K.
Jain",Poaceae,"Mahabaleshwar, Satara",05.10.1957,G.S. Puri,25641,Paratype,BSI,,
"Ischaemum raizadae Hemadri
& Billore",Poaceae,Ambewadi,12.10.1907,G.B. Patwardhan,115450 D-N,Paratype,BSI,,
"Ischaemum raizadae Hemadri
& Billore",Poaceae,"Sadrya ghat near
Harishchandragad, Thane",16.11.1968,K.V. Billore,115,Isotype,BSI,,
"Jansenella neglecta
S.R.Yadav, Chivalkar et
Gosavi",Poaceae,"Radhanagri WLS, Kolhapur",08.10.2006,S.R. Yadav,201,Isotype,BSI,,
"Lasiurus ecaudatus Satyanar.
& Shank.",Poaceae,"Savan, Jodhpur",07.01.1962,"K.A.
Shankarnarayan",719,Type,BSI,,
"Manisuris acuminata Kuntze
var. woodrowii Bor",Poaceae,"Vasco Da Gama, Goa",9-Sep,R.K. Bhide,"Acc. No.
4707",Syntype,BSI,,
"Manisuris
emend Jain",forficulata Fischer,4305,Poaceae,###,W.A. Talbot,"Poondra, Karnataka",Paratype,BSI,
Manisuris goaensis R.S. Rao,Poaceae,"Near varna village, Madgao,",08.11.1962,R.S. Rao,84474 B-C,Isotype,BSI,,
& Hemadri,,Goa,,,,,,,
"Manisuris goaensis R.S. Rao
& Hemadri",Poaceae,"Near porvorin village, Goa","08.11.196
3",R.S. Rao,"92850 B,D",Paratype,BSI,,
"Manisuris mysorensis S. K.Jain
& Hemadri",Poaceae,"Castle rock, N.Kannara","25.10.190
2",G.A. Gammie,15643,Paratype,BSI,,
"Manisuris santapaui S.K. Jain
& Deshp.",Poaceae,Ratnagiri,"15.09.196
1",C.J. Saldanha,1730 B,Isotype,BSI,,
"Manisuris ratnagirica B.G.
Kulk. & Hemadri",Poaceae,"Solia jungle, Amboli,
Sindhudurg","29.10.196
9",B.G. Kulkurni,119190 A-K,Paratype,BSI,,
"Manisuris ratnagirica B.G.
Kulk. & Hemadri",Poaceae,"Chakul rd. Amboli ghat,
Sindhudurg","12.10.197
0",B.G. Kulkurni,121638 B-D,Isotype,BSI,,
"Mnesithea veldkampii Potdar,
S.P. Gaikwad, Salunke &
S.R. Yadav",Poaceae,"Maushi plateau,Satara","06.11.200
2",S.R. Yadav,1466,Isotype,BSI,,
"Oryza malampuzhensis
Krishnasw. & Chandras.",Poaceae,"Emurbhagavati hill, Palghat,
Kerla","21.08.195
6","Krishnasw. &
Chandra.",30459,Type,BSI,,
"Panicum deccanense Naik &
Patunkar",Poaceae,"Mirzhapur, Nanded","24.09.197
4",B.W. Patwardhan,2350 A,Holotype,BSI,,
"Panicum deccanense Naik &
Patunkar",Poaceae,"Mirzhapur, Nanded","24.09.197
4",B.W. Patwardhan,2350 D,Isotype,BSI,,
"Panicum deccanense Naik &
Patunkar",Poaceae,"Mirzhapur, Nanded","24.09.197
4",B.W. Patwardhan,2350 D,Isotype,BSI,,
"Panicum paianum Naik &
Patunkar",Poaceae,"Rajghar, Nanded","26.10.197
4",B.W. Patwardhan,2430 A,Holotype,BSI,,
"Panicum paianum Naik &
Patunkar",Poaceae,"Rajghar, Nanded","26.10.197
4",B.W. Patwardhan,2430 C-D,Isotype,BSI,,
"Panicum paianum Nair &
Patunkar var. minor Naik &
Patunkar",Poaceae,"Rajghar, Nanded","26.10.197
4",B.W. Patwardhan,2439 A,Holotype,BSI,,
"Panicum paianum Naik &
Patunkar var. minor Naik & 
Patunkar",Poaceae,"Rajghar, Nanded","26.10.197
4",B.W. Patwardhan,2439 E,Isotype,BSI,,
"Panicum phoiniclados Naik &
Patunkar",Poaceae,"Gunjgaon, Nanded","17.11.197
4",B.W. Patwardhan,2468 C,Isotype,BSI,,
"Panicum phoiniclados Naik &
Patunkar",Poaceae,"Gunjgaon, Nanded","17.11.197
4",B.W. Patwardhan,2468 A,Holotype,BSI,,
Pogonachne racemosa Bor,Poaceae,"Matheran hills, Raigad.","25.10.189
6",####,Acc. No.,Isotype,BSI,,
,,,,,4708,,,,
Rottboellia talbotii Hook.f.,Poaceae,"Marmagao, Goa",15.10.1891,W.A. Talbot,2572,Isotype,BSI,,
"Themeda pseudotremula
Potdar, Salunke & 
S.R. Yadav",Poaceae,"Tillari, Kolhapur",12.11.2001,G.G. Potdar,801,Isotype,BSI,,
"Tripogon polyanthus Naik &
Patunkar",Poaceae,"Daulatabad, Aurangabad",18.10.1973,B.W. Patwardhan,1859 D,Isotype,BSI,,
"Tripogon roxburghianus
Bhide",Poaceae,"Badami, Karnatak",10.09.1909,R.K. Bhide,"Acc. No.
5332",Isotype,BSI,,
"Polygonum hydropiper L. var.
glandulIosissima Cage",Polygonaceae,-,-,-,2682,-,BSI,,
"Ventilago maderaspatana
Benth. var. fructifida
Santapau",Rhamnaceae,"Khandal, Pune.",22.03.1905,L.D. Garade,"Acc.No.
124631",Holotype,BSI,,
"Ventilago maderaspatana
Benth. var. fructifida
Santapau",Rhamnaceae,"Khandal, Pune.",22.03.1905,L.D. Garade,"Acc. No.
124635",Isotype,BSI,,
Anotis prainiana Talbot,Rubiaceae,"Sautaver, Mysore",29.12.1893,W.A. Talbot,2995,Isotype,BSI,,
Anotis prainiana Talbot,Rubiaceae,"Sautaver, Mysore",06.09.1893,W.A. Talbot,2995,Holotype,BSI,,
Lasianthus sessilis Talbot,Rubiaceae,"Artabail, N.Kannar",15.09.1884,W.A. Talbot,1027,Holotype,BSI,,
Lasianthus sessilis Talbot,Rubiaceae,"Artabail, N.Kannar",10.10.1884,W.A. Talbot,1027,Isotype,BSI,,
Lasianthus sessilis Talbot,Rubiaceae,"Barakana, Agumbe, Shimoga",19.05.1960,R.S. Raghvan,260,Paratype,BSI,,
Psychotria canarensis Talbot,Rubiaceae,"Girsappa, N.Kannara",18.11.1884,W.A. Talbot,257,Paratype,BSI,,
Psychotria canarensis Talbot,Rubiaceae,"Girasappa, N.Kannara",18.11.1884,W.A. Talbot,337,Holotype,BSI,,
Psychotria flavida Talbot,Rubiaceae,"Nilkund, N.Kannara",02.12.1895,W.A. Talbot,3536,Paratype,BSI,,
Psychotria flavida Talbot,Rubiaceae,"Sonda, N.Kannara",10.05.1896,W.A. Talbot,3661,Holotype,BSI,,
Psychotria octosulcata Talbot,Rubiaceae,"Nilkund, N.Kannara",02.12.1895,W.A. Talbot,3764,Paratype,BSI,,
Psychotria octosulcata Talbot,Rubiaceae,"Siddhapur, N.Kannara",22.03.1896,W.A. Talbot,3556,Holotype,BSI,,
"Tarenna agumbensis
Sundararagh.",Rubiaceae,"Barakana, Agumbe, Shimoga",19.05.1960,R.S. Raghavan,62732,Isotype,BSI,,
"Tarenna agumbensis
Sundararagh.",Rubiaceae,"Emkalkare, Agumbe, Shimoga",14.05.1962,R.S. Raghavan,80583 A-D,Paratype,BSI,,
Symplocos kanarana Talbot,Symplocaceae,"Earanbi, N.Kannara",22.05.1896,W.A. Talbot,3673,Holotype,BSI,,
Symplocos kanarana Talbot,Symplocaceae,N.Kannara,22.05.1896,W.A.T albot,3673,Isotype,BSI,,
"Tamarix cutchensis B.V.Shetty
& R.P.Pandey",Tamaricaceae,"Mundra, Gujarat",###,S.K. Jain,11735,Holotype,BSI,,
Triumfetta tungarensis Billore,Tiliaceae,"Mazivili, Mandvi, Thane Dist",23.11.1968,K.V. Billore,115873 A,Holotype,BSI,,
Triumfetta tungarensis Billore,Tiliaceae,"Mazivili, Mandvi, Thane Dist",23.11.1968,K.V. Billore,115873 B,Isotype,BSI,,
Viscum trilobatum Talbot,Viscaceae,"Yellapore, N.Kannara","18.12.190
0",W.A. Talbot,"Acc. No.
7039",Holotype,BSI,,
Amomum ghaticum K.G. Bhat,Zingiberaceae,"Sampaje ghat, Coorg","09.05.198
6",G.K. Bhat,1971,Isotype,BSI,,
Paracautleya bhatii R.M. Sm.,Zingiberaceae,"Manipaul, near medical
cllg.on rocks, S.Kannara","01.07.197
5",G.K. Bhat,204,Isotype,BSI,,
"Zingiber diwakarianum
R.K.Singh",Zingiberaceae,"Mahabaleshwar, Satara","15.07.200
8",R.K. Singh,"184173 B,C",Isotype,BSI,,
"Zingiber diwakarianum
R.K.Singh",Zingiberaceae,"Mahabaleshwar, Satara","15.07.200
8",R.K. Singh,184174 A-C,Paratype,BSI,,
Pachylarnax pleiocarpa Dandy,Magnoliaceae,"Digboi,
Tinsukia,
Assam",10/11/1931,A. Das,9635,Syntype,ASSAM,,
Trivalvaria kanjilalii D. Das,Annonaceae,"Nongkla,
Meghalaya",10/12/1915,Upendranath Kanjilal,6348,Paratype,ASSAM,,
Fissistigma santapaui D. Das,Annonaceae,"DulongR.F.
Forest,North
Lakhimpur,
Assam",10/3/1962,G. Panigrahi,27678,Isotype,ASSAM,,
"Citrus assamensis Dutta et
Bhattacharya",Rutaceae,"Karimganj,
Assam",6/11/1938,"S. Dutta & S.C.
Bhattacharya",236,Holotype,ASSAM,,
"Homalium bhamoense
var.debbarmoni Kanjilal",Flacourtiaceae,"Tura Beat, Garo
Hills,
Meghalaya",4/3/1915,Upendranath Kanjilal,5221,Type,ASSAM,,
"Hypericum hookerianum Wt. &
Arn. var. dentatum S.N. Biswas",Hypericaceae,"Moﬂong,
Meghalaya",25-06-1949,M.L. Saikia,22676,Paratype,ASSAM,,
"Eurya japonica Thunb. var. nitida
Korth. forma Kanjilali
Debbarman et Biswas",Theaceae,"Dehingi bank,
N.C. Hills, Assam",25-01-1915,"Upendranath
Kanjilal Det.-R.
Seshagiri Rao",6780,Isotype,ASSAM,,
"Mansonia dipikae C.S.
Purkayastha",Sterculiaceae,"Ranga Pahar,
Nagaland",21-06- 1945,C.S. Purkayastha,21865,Isotype,ASSAM,,
Salacia khasiana Purkayastha,"Hippocrateacea
e","Umleswar
forest,
Meghalaya",28-08-1936,Shri Ram Sarma,13541,Lectotype,ASSAM,,
"Cotinus kanaka (R.N. De) 
Chandra",Anacardiaceae,"Sona kurung,
Meghalaya",6/6/1939,S.R. Sharma,18452,"Type
Holotype
Isotype",ASSAM,,
"Dumasia villosa DC. var.
arunachalensis Predeep et
Nayar",Papilionaceae,"Jabrang,
Arunacha
l
Pradesh",16-10-1955,R. Seshagiri Rao,1307,Paratype,ASSAM,,
"Derris elliptica Benth. var.
chittagongensis Thoth.","Caesalpiniacea
e","Shella forest,
Meghalaya",26-05-1937,G.K. Deka,14064,Paratype,ASSAM,,
Derris pseudo- robusta Thoth.,"Caesalpiniacea
e","Kheti tincha,
Arunachal
Pradesh",22-08-1958,G. Panigrahi,14550B,Isotype,ASSAM,,
Gleditsia assamica Bor,"Caesalpiniacea
e","Pasighat
Reserve,
Sadiya, Assam",30-03-1938,P. Das,18468,Syntype,ASSAM,,
"Gymnocladus assamicus U.N.
Kanjilal ex P.C. Kanjilal","Caesalpiniacea
e","Laitkseh,
Meghalaya",00-00-1920,Upendranath Kanjilal,7624,Holotype,ASSAM,,
Cotoneaster nagaensis Klotz.,Rosaceae,"Kohima,
Nagaland",1/9/1937,G.K. Deka,15452,Holotype,ASSAM,,
Cotoneaster khasiensis Klotz.,Rosaceae,"Laitlynkot,
Meghalaya",25-09-1913,Upendranath Kanjilal,2650,Holotype,ASSAM,,
"Rubus ghanakantae Rolla Rao & 
Joseph",Rosaceae,"Rahung Bomdila,
Arunachal
Pradesh",5/6/1957,Rolla S. Rao,8086A,Holotype,ASSAM,,
"Rubus subansiriensis Subba Rao
et Kumari",Rosaceae,"Begi to Amji,
Arunacha
l
Pradesh",6/6/1961,G.V. Subba Rao,24808,Holotype,ASSAM,,
Eugenia cyanophylla Kanjilal,Myrtaceae,"Dehingi bank,
N.C. Hills, Assam",26-01-1915,Upendranath Kanjilal,6786,Holotype,ASSAM,,
"Eugenia assamica Biswas &
Purkayastha",Myrtaceae,"Pasighat,
Sadeya, Assam","June, 1936",Purkayastha,13491,Isotype,ASSAM,,
Syzygium mishmiensis Chatterjee,Myrtaceae,"Nizamghat,
Arunachal
Pradesh",6/12/1913,Upendranath Kanjilal,3146,Isotype,ASSAM,,
"Lagerstroemia minuticarpa
Debbarman ex Kanjilal",Lythraceae,"Bomjur,
Arunacha
l
Pradesh",3/12/1913,Upendranath Kanjilal,3107l,Holotype,ASSAM,,
Gomphogyne macrocarpa Cogn.,Cucurbitaceae,"Lansang forest
(Kothong),
Arunachal
Pradesh",26-06-1961,D.B. Deb,"26151B, C",Isoneotype-2,ASSAM,,
Indofevillea khasiana Chatterjee,Cucurbitaceae,"Aka
Hills,
Arunacha
l
Pradesh",1934,N.L. Bor,16662,Type-1,ASSAM,,
Hydrocotyle himalaica P.K. Mukh.,Apiaceae,"Deothang to
Narfong, Dreyi
to Shoeliang
Bhutan",30-08-1965,A.S. Rao,"43221,
10359,
10544",Paratype-4,ASSAM,,
"Merrilliopanax cordifolia A.R.K.
Sastry",Araliaceae,Begi-Amjee,12/5/1966,A.R.K. Sastry,44893 B,Isotype-1,ASSAM,,
Panax longibracteolatus J. Wen,Araliaceae,"Tirap
F.D.,
Arunach
al
Pradesh",26.8.1958,G. Panigrahi,16833A-B,Isotype-2,ASSAM,,
"Panax pseudo-ginseng Wall.
subsp. himalaicus var.
angustifolius (Burkill) L.",Araliaceae,"Gomchhu,
Eastern Bhutan",5/9/1965,A.S. Rao,43445,Paratype-4,ASSAM,,
"Knoxia wallichii Bruce ex
Panigrahi",Rubiaceae,"Jowai,
Meghalaya",30-10-1956,G. Panigrahi,"4246 A,
246 B","Holotype-1
Isotype-1
Paratype-
2",ASSAM,,
Mycetia mukerjiana Deb et Dutta,Rubiaceae,"Makum killa,
Lakhimpur,
Assam",21-06-1938,G.K. Deka,16961B,Isotype-1,ASSAM,,
Mycetia listeri Deb,Rubiaceae,"9th mile from
kimin to ziro,
Arunacha
l
Pradesh",25-09-1959,G. Panigrahi,"19395 A,B",Paratype-2,ASSAM,,
"Rubia cordifolia var. cordifolia
forma strigosa Deb & Malick",Rubiaceae,"Jegaon to Pam,
Arunacha
l
Pradesh",21-05-1958,G. Panigrahi,"16006 A, B",Paratype-2,ASSAM,,
"Agapetes acuminata D. Don ex
G. Don var. tipiensis Banik &
Sanjappa",Ericaceae,"Tipi- Sessa,
Arunachal
Pradesh",23.4.2002,D. Banik,27953,Isotype- 1,ASSAM,,
"Agapetes arunachalensis D.
Banik & M. Sanjappa",Ericaceae,"Lower Subansiri,
Arunachal
Pradesh",2.5.2002,D. Banik,"27961,
27969","Paratype -1
Isotype -1",ASSAM,,
"Agapetes bhutanica Balak. &
Chowdhury",Ericaceae,"Deothang,
Eastern Bhutan",29-03-1965,"N.P.
Balakrishnan","41943 E, F",Isotype-2,ASSAM,,
"Agapetis dalaiensis D. Banik &
M. Sanjappa",Ericaceae,"Dalai, Lohit
Dist.,
Arunacha
l
Pradesh",19.5.2003,D. Banik,27535,Isotype-1,ASSAM,,
Agapetes kanjilali Das,Ericaceae,"MakumRange,
Lakhimpur,
Assam","April, 1914",Upendranath Kanjilal,4090,"Holotype-
1",ASSAM,,
"Agapetes megacarpa W. W.
Sm. var. lohitensis Banik & 
Sanjappa",Ericaceae,"Mailiang, Lohit,
Arunacha
l
Pradesh",16.5.2003,D. Banik,27534,Isotype-1,ASSAM,,
Agapetes muscorum Airy Shaw,Ericaceae,"Rizampaka-
Saling,
Arunachal
Pradesh",17-04-1965,A.R.K.Sastry,42057,Paratype-1,ASSAM,,
Agapetis salicifolia CBC var.,Ericaceae,Mehao,27.11.2000,D.K. Singh & Party,9319,Isotype –1,ASSAM,,
ganduliflora Banik & Sanjappa,,"WLS,
Arunachal
Pradesh",,,,,,,
Agapetes similis Airy Shaw,Ericaceae,"Hapoli,
Arunacha
l
Pradesh",13-04-1965,A.R.K. Sastry,41079,Paratype-2,ASSAM,,
"Agapetes odentocera var.
mizoramensis Banik",Ericaceae,"Thaitlang phui,
Mizoram",16-05-1990,"B.M. Wadhwa & K.P.
Singh",96834,"Holotype-
1",ASSAM,,
"Craibiodendron mannii W.W.
Smith",Ericaceae,"Jowai,
Meghalaya",00-00-1891,Dr. King,Nil.,"Holotype-
1",ASSAM,,
"Gaultheria kamengiana Panda &
Sanjappa",Ericaceae,"West Kameng,
Arunacha
l
Pradesh",15.9.1964,J. Joseph,"40025,
40025","Holotype-
1
Isotype-
1",ASSAM,,
"Gaultheria sesha giriana Sub. et
Kum.",Ericaceae,"Takepokong,
Arunacha
l
Pradesh",19-11-1958,R.S. Rao,"17863 A, B",Isotype-2,ASSAM,,
"Rhododendron santapaui Sastry
et Kataki",Ericaceae,"Saling-
Hakhetari,
Arunacha
l
Pradesh",21-04-1965,A.R.K. Sastry,"42112B,C",Paratype-2,ASSAM,,
"Lysimachia santapaui Subba Rao
& Halim",Primulaceae,"Begi to
Amji,
Arunachal
Pradesh",6/6/1961,G.V. Subba Rao,24821A.,"Holotype-
1",ASSAM,,
Petasites kamengicus D.B. Deb,Asteraceae,"Jabrang camp,
Arunacha
l
Pradesh",3/4/1957,G. Panigrahi,6444,Isotype-3,ASSAM,,
Senecio jowaiensis Balakr.,Asteraceae,"Jowai-Jarain,
Meghalaya",Nil,"N.P.
Balakrishnan",47400C,Isotype-2,ASSAM,,
Embelia daflaensis Deb et Kar,Myrsinaceae,"Geling-
kepangla
,
Arunacha
l
Pradesh",10/11/1958,R.S. Rao,17626,Paratype-4,ASSAM,,
"Diploknema butyraceoides
(Scott.) H.J. Lam.",Sapotaceae,"Nizamghat,
Arunacha
l
Pradesh",5/12/1913,Upendranath Kanjilal,3137,Isotype-3,ASSAM,,
Maba cacharensis Das & Kanjilal,Ebenaceae,"Dulong
river,Lakhimpur,
Assam",18-05-1933,A.Das,10548,Syntype-2,ASSAM,,
Maesa truncata A.R.K. Sastry,Ebenaceae,"Palin
Radang
village,
Arunachal
Pradesh",17-05-1966,A.R.K.Sastry,"45387
B, C, D,
E, F",Isotype-5,ASSAM,,
Symplocos pealii A. Das ex King,Symplocaceae,"Makum Range,
Lakhimpur,
Assam",24-11-1914,Upendranath Kanjilal,"4744,
6868.",Paratype-2,ASSAM,,
"Ligustrum robustum var. khasiana
C.B. Clarke",Oleaceae,"Nongstoi
n,
Meghalay
a",27-09-1915,Upendranath Kanjilal,5925,"Isotype-1
Lectotype-
1",ASSAM,,
"Micrechites sabitae var. lexiflora
DE et Narayan swami",Apocynaceae,"K&J Hills,
Lyngkyrdem,
22 mile cherra
road,
sohra raim.,
Meghalaya","31-10-1931,
16-05-1932,
28-05-1932",S.R. Sharma,"9448,
10139,
12785A.","Type- 1
Holotype-
1
Lectotype-
1",ASSAM,,
Pauia belladonna Deb et Dutta,Solanaceae,"Rahu to Wakka,
Arunachal
Pradesh",2/7/1961,D.B. Deb,"26422B,C,
D,E.",Isotype-4,ASSAM,,
"Utricularia tayloriana Joseph et
Mani","Lentibulariacea
e","20th mile,
Shillong,
Meghalaya","26-08-1980 ; 31-
08-1980",J. Joseph,"73568A,
77232.","Holotype-
1
Isotype-
4
Paratype
-",ASSAM,,
Chirita reptans Burtt & Panigrahi,Gesneriaceae,"Khela,
Arunachal
Pradesh",12/3/1958,G.K.Murthy,12953A.,Paratype-1,ASSAM,,
"Chirita macrophylla Wall. subsp.
tirapensis Panigrahi",Gesneriaceae,"Laju to Rahu,
Arunacha
l
Pradesh","26-08-1958 ; 29-
06-1961","G.Panigrahi, D.B.Deb","14795,
26312.","Holotype-
1
Paratype-
1",ASSAM,,
"Rhynchoglossum lazulinum A.S.
Rao & Joseph",Gesneriaceae,"Krishna to
Sessa, Palin to
Sayata, Aka
hills,
Arunacha
l
Pradesh","10-09-1964 ; 19-
11-1964 ; 13-11-
1951","J. Joseph,
N.L. Bor, A.R.K. Sastry","39716E,
40738,
18179.","Isotype-3
Paratype-
4",ASSAM,,
"Hypoestis triflora R.& S. Var.
pedunculata Balakr.",Acanthaceae,"Raliang,
Meghalaya",24-11-1969,"N.P.
Balakrishnan",50252B,Isotype-1,ASSAM,,
"Callicarpa moldenkiana
Rajendran",Verbenaceae,"K&J Hills Jarain
– nongthala,
Pungtong,
Pangtum forests,
Meghalaya","15-11-1968, 04-
11-1938, 30-08
1935, 18-08-1968","N.P.
Balakrishnan,
R. N. De, S.R. Sharma","49852,18
8
77,12154,
46707.",Paratype-4,ASSAM,,
"Clerodendron nicolsonii
Rajendran",Verbenaceae,"N. Lakhimpur,
Deomukh
R.F,Chalohowa,
Assam","16-05-1966, 23-
05-1966,",D.M. Verma,"46361,46
6
54,
46361.","Holotype-
1
Paratype-
2",ASSAM,,
"Clerodendron panigrahianum
Rajendran",Verbenaceae,"Kameng F.D,
Rupa, Morsing,
Rahung,
Shergaon,
Arunachal
Pradesh","23-05-1958, 16-
05-1958, 15-05-
1957, 20-05-1958","G. Panigrahi,
R. S.Rao","16053,15
7
28, 7430,
15917","Isotype -
1
Paratype-
4",ASSAM,,
Premna debiana Rajendran,Verbenaceae,"Tirap, Arunachal
Pradesh",10.7.1961,D.B. Deb,"26630,26
6
51.",Paratype-2,ASSAM,,
"Polygonum sarbhanganicum
Subba Rao",Polygonaceae,"Sarbhanga
river, Assam",24-04-1957,Rolla Seshagiri Rao,"7162A, B.",Type-2,ASSAM,,
"Dicraea filifolia Ramamurthy &
Joseph","Podostemonace
ae","Parambiculam,
Trichur, Kerala",22-11-1962,Ramamurthy,15325,Isotype-1,ASSAM,,
"Beilschmiedia bhutanica M.
Gangop.",Lauraceae,"Eastern Bhutan
Samdrup jonkar",29-03-1965,"N.P.
Balakrishnan",41942,Holotype-1,ASSAM,,
Cryptocarya dekae M. Gangop.,Lauraceae,"Panbari,
Darrang,
Assam",28-04-1955,G. K. Deka,Nil.,Holotype-1,ASSAM,,
"Persea dubia (Das & Kanjilal)
Kosterm.",Lauraceae,"Sibsagar, Assam",15-09-1934,DFO,10778,Holotype-1,ASSAM,,
Persea globularia Kosterm.,Lauraceae,"Chardua
r
Reserve,
Darrang,
Assam",9/5/1933,A. Das,10640,"Lectotype-
1
Isotype-5",ASSAM,,
Persea haridasanii M. Gangop.,Lauraceae,"Kameng,
Saiden – 
jirigaon,
Arunacha
l
Pradesh",4/2/1995,K.P. Singh,99369,Paratype-1,ASSAM,,
Persea sharmae M.Gangop.,Lauraceae,"K&J Hills,
Shillong Peak,","07-06-1941,
May, 1935,","S.R. Sharma,
N.L. Bor","9202,
21057,","Holotype-
1",ASSAM,,
,,"Dawki forests,
Meghalaya;
Naga
hills,
Nagalan
d",25-10-1934,,10853,"Paratype-
2",,,
Persea upendrae M. Gangop.,Lauraceae,"Sylhet, Bashi
hills, Assam",28-04-1915,U.N. Kanjilal,6895,Holotype-1,ASSAM,,
"Phoebe cooperiana U.N.
Kanjilal et A.Das",Lauraceae,"Pasighat Range,
Sadiya Division,
Arunacha
l
Pradesh","19-05-1934, June,
1922","Upendranath
Kanjilal,
A. Das",7722,"Isotype-1
Paratype-
3",ASSAM,,
Phoebe goalparensis Hutchinson,Lauraceae,"Aie Reserve,
Goalpara,
Assam",9/2/1915,Upendranath Kanjilal,5092,"Holotype-
1
Isotype-
1",ASSAM,,
"Phoebe hedgei M. Gangop. &
A. Sarmah",Lauraceae,"Lohit, Twlleng
village
Arunachal
Pradesh",23-12-1993,A.S.Chauhan,99495,Paratype -1,ASSAM,,
"Purkayastha pseudomicropora
Purkayastha ex
Narayanswami",Lauraceae,"Digboi, Tinsukia,
Assam","19-10-1936 ; 04-
09-1936","B.O., Digboi","13592,
13565","Syntype-
2 Type-
1",ASSAM,,
Daphne shillong Banerji,Thymelaeaceae,"Upper Shillong,
Laithymkot,
Meghalaya",23-09-1913,Upendranath Kanjilal,"2373,
2629",Type-3,ASSAM,,
Taxillus assamicus Danser,Loranthaceae,"Lawlyngdoh
, Peak
forest,
Meghalay
a","11-08-1937 ; 03-
12-1931 ; 25-09-
1913 ; 29-09-
1937 ; 16-08-
1913","G.K. Deka, S.R.
Sharma,
Upendranath Kanjilal","18573,
9749,
2642,
2415,
16588","Holotype-
1
Paratype-
5",ASSAM,,
Viscum album L.,Loranthaceae,"Japu
forest,
Nagaland",19-02-1939,R.N. De,17461,"Holotype-
1
Isotype-
1",ASSAM,,
Excoecaria aboriana R.N. De,Euphorbiaceae,"Pasigha
t,
Arunach
al
Pradesh",00-10-1940,R.N. De,"21561,
21562 A","Holotype-
1
Isotype-2
Paratype-
4",ASSAM,,
"Glochidion madankamdevi
Borthakur et Kalita",Euphorbiaceae,"Barpahar hill,
Assam",10/5/2005,Paresh Kalita,"1260 A,
B, C","Holotype-
1
Isotype-",ASSAM,,
,,,,,,2,,,
"Glochidion mandakatensis Kalita
et Borthakur",Euphorbiaceae,"Mandakata
hill range,
Assam",3/1/2004,Paresh Kalita,"1184A,B,C.","Holotype-
1
Isotype-
2",ASSAM,,
"Trigonostemon chatterjii Deb et
Deka",Euphorbiaceae,"Dawki,
Meghalaya",4/5/1943,G.K. Deka,Nil.,Isotype-4,ASSAM,,
"Boehmeria tirapensis Deb et
Dutta",Urticaceae,"Kothong,
Arunacha
l
Pradesh",25-06-1961,D.B. Deb,26081B,Isotype-1,ASSAM,,
Quercus milroyi Purkayastha,Fagaceae,"Pillung,
Arunacha
l
Pradesh",15-12-1913,Upendranath Kanjilal,3171,Syntype-1,ASSAM,,
Agrostophyllum flavidum Phukan,Orchidaceae,"Khasi hills,
Meghalaya",00-05-1985,S. Phukan,68257B,Isotype-1,ASSAM,,
"Armodorum senapatianum
Phukan & Mao",Orchidaceae,"Senapati
hill,
Manipur",26-05-2000,A.A. Mao,60271,Isotype-1,ASSAM,,
"Biermannia jainiana Hegde et
Rao",Orchidaceae,"Sessa,
Arunachal
Pradesh",19-05-1982,S.N. Hegde,4241,Paratype-1,ASSAM,,
"Bulbophyllum brachypodum
var.geei A.S.Rao & Balak.",Orchidaceae,"Dirang-Dzong,
Kameng,
Arunacha
l
Pradesh",24-10-1965,E.P. Gee,"43067A,4
3
004A,B","Holotype-
1
Isotype-
1",ASSAM,,
"Bulbophyllum brachypodum
var.parviflorum A.S.Rao &
Balak.",Orchidaceae,"Tobrang near
Gundrithan
g, Eastern
Bhutan",16-03-1965,"N.P.
Balakrishnan","43004A,B.","Holotype-
1
Isotype-
1",ASSAM,,
"Bulbophyllum leopardinum
Lindl.var.tuberculatum Balak.&
Chowdhury",Orchidaceae,"Nyoth from
Shali, Eastern
Bhutan",13-03-1965,"N.P.
Balakrishnan","41971A,B,
C.","Holotype-
1
Isotype-
2",ASSAM,,
"Cheirostylis chinensis Rolfe
var. glabra M. Bhaumik & 
M. K. Pathak",Orchidaceae,"Bejari, Dibang
Valley,
Arunacha
l
Pradesh",5.3.2004,"M. Bhaumik & B. B. T.
Tham","104752B,
104752C.",Isotype- 2,ASSAM,,
"Cleisostoma tricallosum Hegde
et Rao",Orchidaceae,"Sessa,
Arunachal
Pradesh",19-08-1982,S.N.Hegde,4464,Paratype-1,ASSAM,,
Coelogyne schultesii Jain et Das,Orchidaceae,"Cherrapunjee,
Nongstoin,
Jarain, Markasa
Patharkhang,
Meghalaya ;
Dirang
Dzong,
Kameng,
Subansiri,
Siang,
Bomdilla,
Arunachal
Pradesh ; Bhutan","31-03-1977; 13-
10-1973;11-11-
1973; 26-04-
1966;
08-04-1970; 15-
04-1976; 24-04-
1964; 24-04-
1966;
00-12-1975; 27-
03-1971; 31-10-
1970; 04-04-
1975;
15-04-1976; 08-
04-1970;","Sandhyajyoti Das;
P.K.Hajra;
S.K.Kakati; E.P.Gee;
H.Deka;
G.H.Bhawmik;
A.S.Rao;
N.P.Balakrishnan; A.
R.K, Sastry; R. S.
Rao; RS Rao; RS
Rao; G.
Panigrahi; RS Rao;
ARK Sastry; ARK
Sastry.
Determinavit- S. Das","60256B,
C, D,
34493,49
5
18,
50780,
54067,54
8
79,
55497,
37177,60
1
88,
60192,
60191,60
1
93, 4523
4, 53862,","Isotype-3
Paratype-
24",ASSAM,,
,,,"12.5.1966;
18.4.1973;
15.5.1957;
17.11.1958;
15.5.1958;
19.10.1955;
10.5.1966;
10.5.1966.",,"7425,
17758,
15614,
1398,
44876,
44876",,,,
Coelogyne hitendrae Das et Jain,Orchidaceae,Nagaland,March’ 1976,S. K. Kataki,60202B,Isotype-1,ASSAM,,
Coelogyne raizadae Jain et Das,Orchidaceae,"Subansiri
,
Arunach
al
Pradesh
;
N.O. BSI,
Shillong,
Mowsmai,
Meghalaya;
Narfong,,Bhutan.","30.4.1974;
5.4.1972;
29.4.1965;
26.4.1968","S. Das; P. C. Pant; NP
Balakrishnan;
B. Krishna, S. Das","55419 B,
38031,
41981 A,
50829,
55411,
55422","Paratype-
4,
Isotype-1",ASSAM,,
Coelogyne hajrae Phukan,Orchidaceae,"Namdapha,
Arunacha
l
Pradesh",23.4.1985,B.K. Shukla,87943,Isotype-1,ASSAM,,
"Corybus purpureus Joseph et
Yog.",Orchidaceae,"Elephant
Falls,Shillong;
Elephants","27.6.1966;
16.10.1965",J. Joseph;,"36892 B-J,
36891 A-I","Isotype- 9,
Paratype- 9",ASSAM,,
,,"Falls,Shillong,Me
ghalaya.",,,,,,,
"Dendrobium arunachalense C.
Deori, Sarma, Phukan et Mao",Orchidaceae,"Dibang valley,
Arunachal
Pradesh",16-10-2004,C. Deori,"101163 A,
B, C, D, E",Isotype-5,ASSAM,,
"Dendrobium assamicum
Chowdhury",Orchidaceae,"Nellie, Nagaon,
Assam","31-03-1969 ; 21-
05-1969",S. Chowdhury,"354, 354
A, C, D","Type-1
Holotype-
1
Isotype-
2",ASSAM,,
"Dendrobium falconeri Hook. var.
senapatianum C. Deori, R.
Gogoi & A. A. Mao",Orchidaceae,"Senapati
Dist.,
Manipur",15.5.2008,A. A. Mao & R. Gogoi,115084,Holotype-1,ASSAM,,
"Dendrobium josephii Nageswara
Rao et Swaminathan",Orchidaceae,"Deban,
Arunacha
l
Pradesh",00-08-1984,"M.S.
Swaminathan",85101A,Holotype-1,ASSAM,,
Dendrobium khasianum Deori,Orchidaceae,"Pontang forest,
Khasi hills,
Orchid house,
Shillong,
Meghalaya","08-05-1978 ; 17-
05-1958 ; 30-04-
1973 ; 17-05-
1978","N.C. Deori, T.M.
Hynniewta, E.P. Gee,
G.K. Deka","71819,
71823
B, C, D","Isotype-3
Paratype-
4",ASSAM,,
"Dendrobium meghalayense C.
Deori et al.",Orchidaceae,"Shillong, Orchid
house,
Meghalaya","19-08-1959 ; 09-
10-2004","H. Deka, G.K. Deka,
C. Deori","18385 A,
B, C,
D,
10116
2","Holotype-1
Isotype-3
Paratype-
1",ASSAM,,
"Dendrobium numaldeorii C.
Deori, T.M.
Hynniewta & 
S.Phukan",Orchidaceae,"Dibang valley,
Arunacha
l
Pradesh",10/10/2003,C. Deori,"101122
B, C, D",Isotype-3,ASSAM,,
"Eria connata Joseph, Hegde et
Abbareddy",Orchidaceae,"Sessa, Khellong,
Arunachal
Pradesh","07-08-1980 ; 22-
07-1980",N.R. Abbareddy,"4045,
3168-2,
62391 A,
B, C, D","Holotype-
1
Isotype-3
Paratype-
2",ASSAM,,
"Eria glandulifera Deori &
Phukan",Orchidaceae,"Mawsmai forest,
National
Orchidarium,
Shillong,
Meghalaya",5/4/1972,"N.C. Deori, P.C. Pant",50826,"Isotype-1
Paratype-
1",ASSAM,,
Eulophia kamarupa Chowdhury,Orchidaceae,"Gauhati
University,
Assam",9/1/1970,Reni Kalita,453,Isotype-1,ASSAM,,
Eulophia santapaui Panigr. et,Orchidaceae,"Umsaw,",15.10.1954;,G.K. Deka,Nil,Holotype-,ASSAM,,
Kataki,,"Meghalaya;
Umsaw,
Meghalaya",15.10.1954,,,"1,
Paratype-
1",,,
"Evrardia asraoa Joseph et
Abbareddy",Orchidaceae,"Pynursla,
Meghalay
a;",26.8.1980;,J. Joseph;,"73566 A,
73566B-D","Holotype-
1,
Isotype-3",ASSAM,,
"Flickingeria abhaycharanii
Phukan & Mao",Orchidaceae,"Mao area,
Senapati
hill,
Manipur",1/7/2002,S. Phukan; A.A. Mao,"102801,
68274","Isotype-3
Paratype-
2",ASSAM,,
"Katherinea navicularis Balak. & 
Chowdhury",Orchidaceae,"Narfong,
Bhutan;",29.3.1965,"N.P.
Balakrishnan","43014 A,
43014 B-G","Holotype-
1,
Isotype-6",ASSAM,,
"Oberonia sulcata Joseph &
Chowdhury",Orchidaceae,"Selari forest,
Kameng,
Arunacha
l
Pradesh",28-09-1964,J.Joseph,"40358 A,
B, C, D",Isotype-4,ASSAM,,
Pantlingia serrata N.C. Deori,Orchidaceae,"Shillong peak,
Meghalaya",15-09-1975,N.C.Deori,"51262 B,
C",Isotype-2,ASSAM,,
"Penkimia nagalandensis S Phukan
et N. Odyuo",Orchidaceae,"Penkimia, Mt.
Saramat
i,
Nagalan
d",21.12.2003,N. Odyuo,"102808 B,
107235","Isotype-
1,
Paratype-
1",ASSAM,,
"Pennilabium proboscideum A.S.
Rao & Joseph",Orchidaceae,"Umran
and
Umsaw,
Meghalaya",23-07-1966,A.S.Rao,"45622B,C,
D, E, F, G",Isotype-6,ASSAM,,
"Pholidota convallariae (Reichb.f.)
Hook.f. var. breviscapa Deori
& Joseph",Orchidaceae,"43
camp,
Kamen
g,
Arunach
al
Pradesh","16-11-1971; 10-
12-1974; 26-12-
1973",A.S.Rao,"5090 B,
C, D, E,
F, G,
56658,
51786","Isotype-6
Paratype-
2",ASSAM,,
Porpax gigantea N.C. Deori,Orchidaceae,"Jarain,
Meghalaya",1/7/1973,N.C. Deori,"51757
B, C, D,
E, F,
G, H, I, J",Isotype-9,ASSAM,,
"Sunipia jainii Hynniewta et
Malhotra",Orchidaceae,"Tseminyu,
Nagaland",14-11-1973,T.M.Hynniewta,"56060
B, C, D",Isotype-3,ASSAM,,
"Taeniophyllum khasianum Jose. et
Yog",Orchidaceae,"Woodland,
Meghalaya",21.5.1966,J. Joseph,"35593 A-
H",Isotype-8,ASSAM,,
Trias pusilla Joseph et H. Deka,Orchidaceae,"Woodland
Compound,
Meghalaya",22.10.1970,H. Deka,"37296A-C,
37255 B,
37255 C","Isotype-
2,
Paratype-
3",ASSAM,,
"Thrixspermum muscaeflorum A.S.
Rao & Joseph",Orchidaceae,"Umran and
Umsaw,
Meghalaya",23-07-1966,"J.Joseph, A.S.Rao","45621
A, B, C,
D, F, G,
45638
A, B, C,
D,
E, F","Isotype-6
Paratype-
6",ASSAM,,
"Zeuxine assamica Iswar Barua et
Kuntala Barua",Orchidaceae,"Charigaon,
Jorhat,
Assam",26-03-1997,Iswar Chandra Barua,"2357 B,
C, D, E, F",Isotype-5,ASSAM,,
"Hedychium calcaratum A.S.
Rao & D.N. Verma",Zingiberaceae,"Jowai(60 miles
from
Shillong),
Meghalaya",27.7.1957,GK. Deka,"10134 B-
C",Isotype-2,ASSAM,,
"Hedychium dekianum A.S. Rao &
D.N. Verma",Zingiberaceae,"Jowai, Jowai-
Jorain,
Khliehriat,
Meghalaya.","16.8.1968;
20.8.1968;
21.8.1968;
23.10.1967;
15.7.1966","NP Balak, G. K. Deka,
G. K. Deka","35605C-D,
37306A-D,
46934A-
E,46882,
46119A-
D.","Paratype-
14
Isotype-2",ASSAM,,
"Hedychium gracile A.S. Rao &
D.N. Verma",Zingiberaceae,"Woodland,
Shillong,
Cherapunjee,
Meghalaya","21.8.1967;12.7.1
96
; 16.5.1950;
3.6.1956 ;
7.6.1956","DM Verma, GK Deka,
RS Rao","170 A-C,
2688 A B,
23085 A-
B,
35672,
35603",Paratype-9,ASSAM,,
Hedychium greenii W. W. Smith,Zingiberaceae,Western Bhutan,1904,H. F. Green,7734 A-C.,Syntype-3,ASSAM,,
"Hedychium longipedunculatum
A.R.K. Sastry et. D.M. Verma",Zingiberaceae,"Subansiri
District, Amjee
vicinity,
Arunachal
Pradesh",22-05-1966,A.R.K.Sastry,"45222,
45584,
45509
B, C, D,
E, F, G,
H","Isotype -
7
Paratype-
6",ASSAM,,
"Hedychium radiatum A.S. Rao &
P.K. Hajra",Zingiberaceae,"Kameng
,
Arunacha
l
Pradesh",6.9.1974,AS Rao,"56655 B-
C,
56655 E,
56655","Holotype-
1,
Isotype-3",ASSAM,,
"Hedychium robustum A.S. Rao &
P.K. Hajra",Zingiberaceae,"Kameng
,
Arunacha",27.8.1974,A.S. Rao,"56654A,B,
C,D
56654A.","Holotype-
1,
Isotype-3",ASSAM,,
,,"l
Pradesh",,,,,,,
"Hedychium rubrum A.S. Rao &
D.M. Verma",Zingiberaceae,"K.J.Hills,
Woodlands 
Introduced
Jowai
Badarpur
Road K&J hills,
Meghalaya","12-08-1965 ; 01-
08-1968 ; 22-07-
1957 ; 16-09-
1961","D.M. Verma, A.S. Rao,
G.K. Deka , V.N. Naik","35695
A,B,
10135
A,B,C,D,
34599B,C,
D,E, F, G,
H, I.","Isotype-8
Paratype-
7",ASSAM,,
"Parakaempferia synantha A.S.
Rao & D.M. Verma",Zingiberaceae,"Chaldhowa,
N.Lakhimpur,
Assam.",22-05-1966,D.M.Verma,"46585B,C,
D,E,F,G.",Isotype-6,ASSAM,,
"Roscoea ngainoi A.A. Mao & M.
Bhaumik",Zingiberaceae,"Dzuko valley,
Nagaland;
Ngaino Hills,
Manipur.","3.6.2005 ;
18.3.2005",AA Mao,"Coll No.
109387
B-
D,
109029
A-C","Isotype-3
Isotype -3",ASSAM,,
Molineria prainiana Deb.,Hypoxidaceae,"Aka hills,
Arunacha
l
Pradesh",2/6/1934,N.L.Bor,15221,Paratype- 1,ASSAM,,
Tacca choudhuriana Deb.,Taccaceae,"Arunachal
Pradesh",7/9/1963,A.K.Choudhuri,"36457 B,
C, D",Isotype-3,ASSAM,,
"Dioscorea japonica Thunb. Var.
Nagarum Prain & Burkill",Dioscoreaceae,"Naga Hills,
Nagaland","July,1936",N.L.Bor,19446,Type -1,ASSAM,,
"Smilax griffithii A. DC. var. borii
Panigr. & Naik",Smilacaceae,"Kameng
F.D., Aka
hills,
Arunacha
l
Pradesh","27-03-1957
June, 1934","G.Panigrahi,
N.L.Bor","6146,
19199","Holotype-
1
Paratype-
1",ASSAM,,
"Aneilema glanduliferum Joseph
et Rolla Rao",Commelinaceae,"Kameng F.D,
Arunachal
Pradesh",10/9/1964,J. Joseph,"39707
C, G",Isotype-2,ASSAM,,
Asraoa trinadra J. Joseph,Arecaceae,"Lohit
Dist.,
Arunacha
l
Pradesh",25.9.1969.,AS Rao,48105 B-F,Isotype-5,ASSAM,,
"Lagenandra undulata
A.R.K. Sastry",Araceae,"Subansiri Dist.
Arunacha
l
Pradesh",21-05-1966,A.R.K.Sastry,"45489
B, C, D,
E, F,
G, H, I, J, K.",Isotype-10,ASSAM,,
"Arisaema setosum A.S. Rao &
D.M. Verma",Araceae,"Siang F.D.
Arunachal
Pradesh",20-11-1958,Rolla S. Rao,17907 B,Paratype-1,ASSAM,,
"Fimbristylis circumciliata
Govindarajalu",Araceae,"Sibsagar, sola
Reserve, Assam",25-03- 1937,P.R Dutta,14090,Type-1,ASSAM,,
"Bambusa pseudopallida R.
Majundar",Poaceae,"Barapani,
Meghalaya.",24.10.1915,U. Kanjilal,6108 A-D,Paratype-4,ASSAM,,
Deyeuxia nagarum Bor.,Poaceae,"Japvo, Naga
Hills, Nagaland","Sep,1937",G.K. Deka,9800,Isotype –1,ASSAM,,
Rottboellia goalparensis Bor.,Poaceae,"Goalpara,Holtu
g
aon, Kochugaon,
Assam.","22-01-1933, 28-
01-1933",Dina Nath & A. Das,10471,"Type-1
Isotype-
1",ASSAM,,
Schizachyrium sudhanshui Singh,Poaceae,"Raichur-
Hyderabad
Road,
Karnataka",15-11-1975,N.P. Singh,141725,Isotype – 1,ASSAM,,
Sclerostachya milroyi Bor,Poaceae,"Naga
hills,
Nagalan
d","June, 1935",N.L. Bor,Nil,Type-1,ASSAM,,
Themeda huttonensis Bor.,Poaceae,"Lahuri, Naga
hills, Nagaland","June, 1935",N.L. Bor,6717,Isotype- 1,ASSAM,,
FERNS,,,,,,,,,
Polystichum lobatum (Huds) Pr.,Aspidiaceae,"Peak Forests K&J
Hills, Meghalaya",22-12-1957,G.K. Deka,3960,"Type- 1
Isotype-
2",ASSAM,,
"Arthromeris jarrettii A.R.K. Sastry
et. S.Chowdhury",Polypodiaceae,"Subansiri
District,
Arunachal
Pradesh","30-11-1964
12-5-1966",A.R.K. Sastry,"40966A,B,
C,D,E,G,
44887","Holotype-
1 Isotype-
5
Paratype-
2",ASSAM,,
LICHENS,,,,,,,,,
"Lecidea nagalandica Sinha et
Singh","Family not
mentioned","Kohima, Jalukie,
Nagaland",11/10/1984,G.P.Sinha,N. 779,Holotype-1,ASSAM,,
Cladonia singhii Abti & Dixit,"Family
not
mentione
d","W.Siang,
Arunacha
l
Pradesh",9/12/1984,K.P.Singh,6122,Holotype-1,ASSAM,,
"Arthothelium bisporum Singh et
Sinha",Arthoniaceae,"Phek district
between Losami
and Lainey,
Nagaland",27-04-1986,G.P.Sinha,1666,Holotype-1,ASSAM,,
"Graphina verruculosa Singh et
Sinha",Graphidaceae,"Mon, Mon-Namse
Road, Nagaland",19-05-1987,K.P.Singh & G.P.Sinha,N. 4065,Paratype-1,ASSAM,,
"Pertusaria maculata Singh et
Sinha",Pertusariaceae,"Mon near Longai
village
forest,
Nagaland",18-05-1987,K.P.Singh & G.P.Sinha,N. 4021,Holotype-1,ASSAM,,
Pertusaria hirtella Singh et Sinha,,"Kohima, Tening,
Nagaland",3/9/1986,K.P.Singh & G.P.Sinha,N. 1830,Holotype-1,ASSAM,,
"Parmelina nagalandica K.Singh
et Sinha",Parmeliaceae,"Mokokchung,
Mariani
Roadside,
Nagaland","11-04-1985 ; 12-
04-1985",G.P.Sinha,"N. 838, N.
860","Holotype-
1
Paratype-
1",ASSAM,,
Parmelina chozoubae,,"Wokha, Mt.
Tigei
forest,
Nagaland",28-10-1984,G.P.Sinha,N. 709,Paratype-1,ASSAM,,
Phyllobathelium indicum Sinha et,Strigulaceae,Changlang,23-02-1982,K.P.Singh,F. 50,Holotype-1,ASSAM,,
Singh,,"district,
Namdapha
Biosphere
Reserve,
Arunacha
l
Pradesh",,,,,,,
"Details of ASSAM Type specimens presently available ON LOAN AT BSA
Lichens Type: 12 (Holotype: 02; Isotype: 04; Paratype: 06).",,,"(recently published and designated as Type at B.S.I., C.R.C., Allahabad)",,,,,,
Scientific Name with Authority,Family Name,"Place of
collection",Collection Date,Name of the collector,"Field
No./Collect
ion No.",Type Details,"Herb.
Acronym",,
"Graphis sundarbanensis
Jgadeesh Ram & G.P. Sinha",Arthoniaceae,"West Bengal,
Sundarbans,
B.R., Dutta
Passur
mangrove
forest",01.03.2003,T.A.M. Jagadeesh Ram,13759,Paratype,ASSAM,,
"Chrysothrix septemseptata
Jagadeesh Ram, Lumbusch,
Lücking & G. P. Sinha","Chrysothricace
ae","West Bengal,
Sundarbans,
B.R., Bakkhali",23.12.2001,"G.P. Sinha & T.A.M.
Jagadeesh Ram",11479,Holotype,ASSAM,,
"Chrysothrix septemseptata
Jagadeesh Ram, Lumbusch,
Lücking & G. P. Sinha","Chrysothricace
ae","West Bengal,
Sundarbans,
B.R., Bakkhali",09.03.2003,T.A.M. Jagadeesh Ram,13846,Paratype,ASSAM,,
"Chrysothrix septemseptata
Jagadeesh Ram, Lumbusch,
Lücking & G. P. Sinha","Chrysothricace
ae","West Bengal,
Sundarbans,
B.R.,
Bakkhali",28.02.2003,T.A.M. Jagadeesh Ram,13670,Paratype,ASSAM,,
"Chrysothrix septemseptata
Jagadeesh Ram, Lumbusch,
Lücking & G. P. Sinha","Chrysothricace
ae","West Bengal,
Sundarbans,
B.R., Bakkhali",28.02.2003,T.A.M. Jagadeesh Ram,13673,Paratype,ASSAM,,
"Chrysothrix septemseptata
Jagadeesh Ram, Lumbusch,
Lücking & G. P. Sinha","Chrysothricace
ae","West Bengal,
Sundarbans,
B.R.,Bakkhali",19.03.2002,T.A.M. Jagadeesh Ram,12237,Paratype,ASSAM,,
"Sporopodium awasthianum
Kr.P. Singh & Pinokiyo",Ectolechiaceae,"Arunachal
Pradesh,
Lohitdistric
t,
Tengapa
ni",30.12.1983,K.P. Singh,13150,Isotype,ASSAM,,
"Graphis sundarbanensis
Jgadeesh Ram & G.P. Sinha",Graphidaceae,"WestBengal,
Sundarbans
B.R.,
Chamta
mangrove
forest",-do-,T.A.M. Jagadeesh Ram,13759,Paratype,ASSAM,,
"Schistophoron indicum Kr.P.
Singh & Swarnalatha",Graphidaceae,"Arunachal
Pradesh, East
Siang District,
Gette Basti",08.01.1983,K.P. Singh,2858,Isotype,ASSAM,,
"Megalaria bengalensis
Jagadeesh Ram, Aptroot,",Megalariaceae,"West Bengal,
Sundarbans",25.02.2003,T.A.M. Jagadeesh Ram,13510,Isotype,ASSAM,,
G.P.Sinha & Kr.P. Singh,,"B.R.,Chamta
mangrove
forest",,,,,,,
"Pyrenula subcylindrica
Jagadeesh Ram & Upreti",Pyrenulaceae,"WestBengal
,
Sundarban
s,
B.R.,Lothia
n
Island",07.03.2003,T.A.M. Jagadeesh Ram,13805,Holotype,ASSAM,,
"Thelenella indica Pinokiyo & Kr.
P. Singh",Thelnellaceae,"SikkimHimalaya,
East Sikkim,
Assam Linzey
Rd.",02.03.05,Athokpam Pinokiyo,F 315,Isotype,ASSAM,,
